date,product,stock_level,daily_demand,restock_qty,reorder_point,unit_cost,supplier_lead_days,stock_value,below_reorder,stockout_risk,month,week,weekday,demand_7d_avg,demand_30d_avg
2024-01-01,Conveyor Belts,351,52,0,87,52.44,4,18406.44,False,False,1,1,Monday,52.0,52.0
2024-01-02,Conveyor Belts,309,42,0,87,74.39,10,22986.51,False,False,1,1,Tuesday,47.0,47.0
2024-01-03,Conveyor Belts,256,53,0,87,80.13,12,20513.28,False,False,1,1,Wednesday,49.0,49.0
2024-01-04,Conveyor Belts,219,37,0,87,77.63,3,17000.969999999998,False,False,1,1,Thursday,46.0,46.0
2024-01-05,Conveyor Belts,172,47,0,87,44.99,13,7738.280000000001,False,False,1,1,Friday,46.2,46.2
2024-01-06,Conveyor Belts,157,15,0,87,35.5,4,5573.5,False,False,1,1,Saturday,41.0,41.0
2024-01-07,Conveyor Belts,145,12,0,87,56.82,3,8238.9,False,False,1,1,Sunday,36.9,36.9
2024-01-08,Conveyor Belts,104,41,0,87,55.76,8,5799.04,False,False,1,2,Monday,35.3,37.4
2024-01-09,Conveyor Belts,54,50,0,87,18.95,4,1023.3,True,False,1,2,Tuesday,36.4,38.8
2024-01-10,Conveyor Belts,0,54,0,87,51.69,7,0.0,True,True,1,2,Wednesday,36.6,40.3
2024-01-11,Conveyor Belts,0,45,0,87,34.87,5,0.0,True,True,1,2,Thursday,37.7,40.7
2024-01-12,Conveyor Belts,0,38,0,87,64.03,10,0.0,True,True,1,2,Friday,36.4,40.5
2024-01-13,Conveyor Belts,0,13,0,87,32.66,8,0.0,True,True,1,2,Saturday,36.1,38.4
2024-01-14,Conveyor Belts,0,22,0,87,80.37,6,0.0,True,True,1,2,Sunday,37.6,37.2
2024-01-15,Conveyor Belts,0,46,0,87,36.51,4,0.0,True,True,1,3,Monday,38.3,37.8
2024-01-16,Conveyor Belts,0,50,0,87,29.25,6,0.0,True,True,1,3,Tuesday,38.3,38.6
2024-01-17,Conveyor Belts,0,43,0,87,75.5,3,0.0,True,True,1,3,Wednesday,36.7,38.8
2024-01-18,Conveyor Belts,0,45,0,87,53.91,10,0.0,True,True,1,3,Thursday,36.7,39.2
2024-01-19,Conveyor Belts,0,52,0,87,68.85,4,0.0,True,True,1,3,Friday,38.7,39.8
2024-01-20,Conveyor Belts,0,8,0,87,68.76,11,0.0,True,True,1,3,Saturday,38.0,38.2
2024-01-21,Conveyor Belts,0,20,0,87,13.05,13,0.0,True,True,1,3,Sunday,37.7,37.4
2024-01-22,Conveyor Belts,0,54,0,87,20.54,3,0.0,True,True,1,4,Monday,38.9,38.1
2024-01-23,Conveyor Belts,0,41,0,87,42.13,8,0.0,True,True,1,4,Tuesday,37.6,38.3
2024-01-24,Conveyor Belts,0,42,0,87,12.33,12,0.0,True,True,1,4,Wednesday,37.4,38.4
2024-01-25,Conveyor Belts,0,50,0,87,28.41,10,0.0,True,True,1,4,Thursday,38.1,38.9
2024-01-26,Conveyor Belts,0,51,0,87,13.67,3,0.0,True,True,1,4,Friday,38.0,39.3
2024-01-27,Conveyor Belts,0,15,0,87,79.6,6,0.0,True,True,1,4,Saturday,39.0,38.4
2024-01-28,Conveyor Belts,0,17,0,87,74.03,3,0.0,True,True,1,4,Sunday,38.6,37.7
2024-01-29,Conveyor Belts,0,45,0,87,77.34,8,0.0,True,True,1,5,Monday,37.3,37.9
2024-01-30,Conveyor Belts,0,51,0,87,36.99,7,0.0,True,True,1,5,Tuesday,38.7,38.4
2024-01-31,Conveyor Belts,187,49,236,87,54.75,9,10238.25,False,False,1,5,Wednesday,39.7,38.3
2024-02-01,Conveyor Belts,142,45,0,87,68.22,6,9687.24,False,False,2,5,Thursday,39.0,38.4
2024-02-02,Conveyor Belts,100,42,0,87,14.96,11,1496.0,False,False,2,5,Friday,37.7,38.0
2024-02-03,Conveyor Belts,82,18,0,87,51.19,12,4197.58,True,False,2,5,Saturday,38.1,37.4
2024-02-04,Conveyor Belts,73,9,0,87,34.95,7,2551.3500000000004,True,False,2,5,Sunday,37.0,36.1
2024-02-05,Conveyor Belts,28,45,0,87,17.01,8,476.28000000000003,True,True,2,6,Monday,37.0,37.1
2024-02-06,Conveyor Belts,0,43,0,87,66.96,9,0.0,True,True,2,6,Tuesday,35.9,38.1
2024-02-07,Conveyor Belts,0,36,0,87,62.79,13,0.0,True,True,2,6,Wednesday,34.0,38.0
2024-02-08,Conveyor Belts,0,39,0,87,82.43,6,0.0,True,True,2,6,Thursday,33.1,37.6
2024-02-09,Conveyor Belts,0,49,0,87,12.74,11,0.0,True,True,2,6,Friday,34.1,37.4
2024-02-10,Conveyor Belts,0,12,0,87,71.92,12,0.0,True,True,2,6,Saturday,33.3,36.3
2024-02-11,Conveyor Belts,0,14,0,87,14.32,3,0.0,True,True,2,6,Sunday,34.0,35.5
2024-02-12,Conveyor Belts,0,49,0,87,54.35,11,0.0,True,True,2,7,Monday,34.6,36.7
2024-02-13,Conveyor Belts,0,48,0,87,83.51,6,0.0,True,True,2,7,Tuesday,35.3,37.6
2024-02-14,Conveyor Belts,0,53,0,87,60.28,7,0.0,True,True,2,7,Wednesday,37.7,37.8
2024-02-15,Conveyor Belts,0,37,0,87,40.62,9,0.0,True,True,2,7,Thursday,37.4,37.4
2024-02-16,Conveyor Belts,0,59,0,87,33.1,7,0.0,True,True,2,7,Friday,38.9,37.9
2024-02-17,Conveyor Belts,0,16,0,87,64.84,6,0.0,True,True,2,7,Saturday,39.4,37.0
2024-02-18,Conveyor Belts,0,29,0,87,12.6,6,0.0,True,True,2,7,Sunday,41.6,36.2
2024-02-19,Conveyor Belts,0,38,0,87,25.82,8,0.0,True,True,2,8,Monday,40.0,37.2
2024-02-20,Conveyor Belts,0,49,0,87,61.78,9,0.0,True,True,2,8,Tuesday,40.1,38.2
2024-02-21,Conveyor Belts,0,48,0,87,59.38,9,0.0,True,True,2,8,Wednesday,39.4,38.0
2024-02-22,Conveyor Belts,0,42,0,87,38.0,3,0.0,True,True,2,8,Thursday,40.1,38.0
2024-02-23,Conveyor Belts,0,36,0,87,80.87,4,0.0,True,True,2,8,Friday,36.9,37.8
2024-02-24,Conveyor Belts,0,21,0,87,37.34,5,0.0,True,True,2,8,Saturday,37.6,36.8
2024-02-25,Conveyor Belts,0,13,0,87,28.86,9,0.0,True,True,2,8,Sunday,35.3,35.6
2024-02-26,Conveyor Belts,0,45,0,87,17.12,13,0.0,True,True,2,9,Monday,36.3,36.6
2024-02-27,Conveyor Belts,0,44,0,87,32.59,9,0.0,True,True,2,9,Tuesday,35.6,37.5
2024-02-28,Conveyor Belts,0,52,0,87,61.98,10,0.0,True,True,2,9,Wednesday,36.1,37.7
2024-02-29,Conveyor Belts,0,51,0,87,74.71,8,0.0,True,True,2,9,Thursday,37.4,37.7
2024-03-01,Conveyor Belts,233,50,283,87,79.99,7,18637.67,False,False,3,9,Friday,39.4,37.7
2024-03-02,Conveyor Belts,216,17,0,87,80.13,7,17308.079999999998,False,False,3,9,Saturday,38.9,36.8
2024-03-03,Conveyor Belts,204,12,0,87,80.18,3,16356.720000000001,False,False,3,9,Sunday,38.7,35.8
2024-03-04,Conveyor Belts,159,45,0,87,28.31,12,4501.29,False,False,3,10,Monday,38.7,36.7
2024-03-05,Conveyor Belts,119,40,0,87,47.81,13,5689.39,False,False,3,10,Tuesday,38.1,37.7
2024-03-06,Conveyor Belts,68,51,0,87,57.24,13,3892.32,True,False,3,10,Wednesday,38.0,37.9
2024-03-07,Conveyor Belts,20,48,0,87,70.66,3,1413.1999999999998,True,True,3,10,Thursday,37.6,38.1
2024-03-08,Conveyor Belts,0,46,0,87,46.09,5,0.0,True,True,3,10,Friday,37.0,38.4
2024-03-09,Conveyor Belts,0,12,0,87,40.16,3,0.0,True,True,3,10,Saturday,36.3,37.5
2024-03-10,Conveyor Belts,0,14,0,87,65.41,8,0.0,True,True,3,10,Sunday,36.6,36.4
2024-03-11,Conveyor Belts,0,43,0,87,17.18,7,0.0,True,True,3,11,Monday,36.3,37.4
2024-03-12,Conveyor Belts,0,48,0,87,32.55,10,0.0,True,True,3,11,Tuesday,37.4,38.5
2024-03-13,Conveyor Belts,0,51,0,87,73.8,11,0.0,True,True,3,11,Wednesday,37.4,38.6
2024-03-14,Conveyor Belts,0,45,0,87,41.11,10,0.0,True,True,3,11,Thursday,37.0,38.5
2024-03-15,Conveyor Belts,0,47,0,87,77.21,13,0.0,True,True,3,11,Friday,37.1,38.3
2024-03-16,Conveyor Belts,0,6,0,87,47.56,9,0.0,True,True,3,11,Saturday,36.3,37.3
2024-03-17,Conveyor Belts,0,30,0,87,28.25,6,0.0,True,True,3,11,Sunday,38.6,36.3
2024-03-18,Conveyor Belts,0,41,0,87,47.05,9,0.0,True,True,3,12,Monday,38.3,37.1
2024-03-19,Conveyor Belts,0,49,0,87,50.68,9,0.0,True,True,3,12,Tuesday,38.4,37.8
2024-03-20,Conveyor Belts,0,49,0,87,45.09,8,0.0,True,True,3,12,Wednesday,38.1,38.2
2024-03-21,Conveyor Belts,0,45,0,87,68.65,12,0.0,True,True,3,12,Thursday,38.1,38.0
2024-03-22,Conveyor Belts,0,40,0,87,19.8,13,0.0,True,True,3,12,Friday,37.1,37.8
2024-03-23,Conveyor Belts,0,19,0,87,73.28,13,0.0,True,True,3,12,Saturday,39.0,37.0
2024-03-24,Conveyor Belts,0,18,0,87,47.21,6,0.0,True,True,3,12,Sunday,37.3,36.4
2024-03-25,Conveyor Belts,0,47,0,87,49.57,4,0.0,True,True,3,13,Monday,38.1,37.3
2024-03-26,Conveyor Belts,0,43,0,87,41.83,10,0.0,True,True,3,13,Tuesday,37.3,38.3
2024-03-27,Conveyor Belts,0,43,0,87,39.52,11,0.0,True,True,3,13,Wednesday,36.4,38.2
2024-03-28,Conveyor Belts,0,40,0,87,52.54,5,0.0,True,True,3,13,Thursday,35.7,38.1
2024-03-29,Conveyor Belts,0,46,0,87,52.47,9,0.0,True,True,3,13,Friday,36.6,37.9
2024-03-30,Conveyor Belts,0,15,0,87,67.75,8,0.0,True,True,3,13,Saturday,36.0,36.7
2024-03-31,Conveyor Belts,232,18,250,87,50.86,10,11799.52,False,False,3,13,Sunday,36.0,35.6
2024-04-01,Conveyor Belts,196,36,0,87,42.4,6,8310.4,False,False,4,14,Monday,34.4,36.2
2024-04-02,Conveyor Belts,146,50,0,87,27.95,3,4080.7,False,False,4,14,Tuesday,35.4,37.5
2024-04-03,Conveyor Belts,102,44,0,87,21.35,11,2177.7000000000003,False,False,4,14,Wednesday,35.6,37.5
2024-04-04,Conveyor Belts,49,53,0,87,84.64,6,4147.36,True,False,4,14,Thursday,37.4,37.9
2024-04-05,Conveyor Belts,13,36,0,87,15.41,10,200.33,True,True,4,14,Friday,36.0,37.4
2024-04-06,Conveyor Belts,0,16,0,87,36.69,6,0.0,True,True,4,14,Saturday,36.1,36.3
2024-04-07,Conveyor Belts,0,19,0,87,13.23,4,0.0,True,True,4,14,Sunday,36.3,35.4
2024-04-08,Conveyor Belts,0,42,0,87,24.78,5,0.0,True,True,4,15,Monday,37.1,36.4
2024-04-09,Conveyor Belts,0,51,0,87,57.36,12,0.0,True,True,4,15,Tuesday,37.3,37.7
2024-04-10,Conveyor Belts,0,42,0,87,63.86,4,0.0,True,True,4,15,Wednesday,37.0,37.6
2024-04-11,Conveyor Belts,0,56,0,87,34.18,11,0.0,True,True,4,15,Thursday,37.4,37.9
2024-04-12,Conveyor Belts,0,43,0,87,32.52,12,0.0,True,True,4,15,Friday,38.4,37.6
2024-04-13,Conveyor Belts,0,10,0,87,47.5,8,0.0,True,True,4,15,Saturday,37.6,36.5
2024-04-14,Conveyor Belts,0,12,0,87,74.96,7,0.0,True,True,4,15,Sunday,36.6,35.3
2024-04-15,Conveyor Belts,0,53,0,87,23.75,4,0.0,True,True,4,16,Monday,38.1,36.9
2024-04-16,Conveyor Belts,0,45,0,87,56.2,8,0.0,True,True,4,16,Tuesday,37.3,37.4
2024-04-17,Conveyor Belts,0,43,0,87,22.84,4,0.0,True,True,4,16,Wednesday,37.4,37.4
2024-04-18,Conveyor Belts,0,49,0,87,76.75,4,0.0,True,True,4,16,Thursday,36.4,37.4
2024-04-19,Conveyor Belts,0,53,0,87,18.27,8,0.0,True,True,4,16,Friday,37.9,37.6
2024-04-20,Conveyor Belts,0,15,0,87,35.03,8,0.0,True,True,4,16,Saturday,38.6,36.6
2024-04-21,Conveyor Belts,0,10,0,87,84.31,3,0.0,True,True,4,16,Sunday,38.3,35.6
2024-04-22,Conveyor Belts,0,35,0,87,83.53,11,0.0,True,True,4,17,Monday,35.7,36.1
2024-04-23,Conveyor Belts,0,48,0,87,52.93,4,0.0,True,True,4,17,Tuesday,36.1,37.1
2024-04-24,Conveyor Belts,0,39,0,87,13.18,7,0.0,True,True,4,17,Wednesday,35.6,36.8
2024-04-25,Conveyor Belts,0,41,0,87,82.37,11,0.0,True,True,4,17,Thursday,34.4,36.8
2024-04-26,Conveyor Belts,0,47,0,87,45.65,4,0.0,True,True,4,17,Friday,33.6,36.9
2024-04-27,Conveyor Belts,0,12,0,87,14.87,8,0.0,True,True,4,17,Saturday,33.1,36.0
2024-04-28,Conveyor Belts,0,0,0,87,21.82,4,0.0,True,True,4,17,Sunday,31.7,34.4
2024-04-29,Conveyor Belts,0,45,0,87,12.53,8,0.0,True,True,4,18,Monday,33.1,35.4
2024-04-30,Conveyor Belts,308,49,357,87,32.62,7,10046.96,False,False,4,18,Tuesday,33.3,36.5
2024-05-01,Conveyor Belts,259,49,0,87,76.9,7,19917.100000000002,False,False,5,18,Wednesday,34.7,36.9
2024-05-02,Conveyor Belts,209,50,0,87,81.61,12,17056.49,False,False,5,18,Thursday,36.0,36.9
2024-05-03,Conveyor Belts,162,47,0,87,45.61,12,7388.82,False,False,5,18,Friday,36.0,37.0
2024-05-04,Conveyor Belts,141,21,0,87,16.22,12,2287.02,False,False,5,18,Saturday,37.3,35.9
2024-05-05,Conveyor Belts,119,22,0,87,48.58,12,5781.0199999999995,False,False,5,18,Sunday,40.4,35.5
2024-05-06,Conveyor Belts,72,47,0,87,82.9,9,5968.8,True,False,5,19,Monday,40.7,36.5
2024-05-07,Conveyor Belts,28,44,0,87,37.89,8,1060.92,True,True,5,19,Tuesday,40.0,37.3
2024-05-08,Conveyor Belts,0,48,0,87,47.6,6,0.0,True,True,5,19,Wednesday,39.9,37.5
2024-05-09,Conveyor Belts,0,45,0,87,53.34,9,0.0,True,True,5,19,Thursday,39.1,37.3
2024-05-10,Conveyor Belts,0,45,0,87,81.71,7,0.0,True,True,5,19,Friday,38.9,37.4
2024-05-11,Conveyor Belts,0,13,0,87,70.88,8,0.0,True,True,5,19,Saturday,37.7,36.0
2024-05-12,Conveyor Belts,0,12,0,87,12.59,4,0.0,True,True,5,19,Sunday,36.3,35.0
2024-05-13,Conveyor Belts,0,47,0,87,41.2,7,0.0,True,True,5,20,Monday,36.3,36.2
2024-05-14,Conveyor Belts,0,61,0,87,65.76,6,0.0,True,True,5,20,Tuesday,38.7,37.8
2024-05-15,Conveyor Belts,0,52,0,87,57.89,13,0.0,True,True,5,20,Wednesday,39.3,37.8
2024-05-16,Conveyor Belts,0,45,0,87,16.98,11,0.0,True,True,5,20,Thursday,39.3,37.8
2024-05-17,Conveyor Belts,0,51,0,87,38.96,11,0.0,True,True,5,20,Friday,40.1,38.1
2024-05-18,Conveyor Belts,0,22,0,87,29.77,3,0.0,True,True,5,20,Saturday,41.4,37.2
2024-05-19,Conveyor Belts,0,14,0,87,54.21,3,0.0,True,True,5,20,Sunday,41.7,35.9
2024-05-20,Conveyor Belts,0,59,0,87,28.19,4,0.0,True,True,5,21,Monday,43.4,37.3
2024-05-21,Conveyor Belts,0,44,0,87,35.17,10,0.0,True,True,5,21,Tuesday,41.0,38.5
2024-05-22,Conveyor Belts,0,45,0,87,37.27,11,0.0,True,True,5,21,Wednesday,40.0,38.8
2024-05-23,Conveyor Belts,0,45,0,87,22.58,8,0.0,True,True,5,21,Thursday,40.0,38.7
2024-05-24,Conveyor Belts,0,48,0,87,29.63,7,0.0,True,True,5,21,Friday,39.6,39.0
2024-05-25,Conveyor Belts,0,17,0,87,36.81,5,0.0,True,True,5,21,Saturday,38.9,38.2
2024-05-26,Conveyor Belts,0,16,0,87,46.92,10,0.0,True,True,5,21,Sunday,39.1,37.2
2024-05-27,Conveyor Belts,0,49,0,87,69.75,8,0.0,True,True,5,22,Monday,37.7,38.4
2024-05-28,Conveyor Belts,0,47,0,87,68.44,10,0.0,True,True,5,22,Tuesday,38.1,40.0
2024-05-29,Conveyor Belts,0,55,0,87,79.25,3,0.0,True,True,5,22,Wednesday,39.6,40.3
2024-05-30,Conveyor Belts,298,44,342,87,67.0,4,19966.0,False,False,5,22,Thursday,39.4,40.1
2024-05-31,Conveyor Belts,253,45,0,87,37.55,10,9500.15,False,False,5,22,Friday,39.0,40.0
2024-06-01,Conveyor Belts,242,11,0,87,57.82,3,13992.44,False,False,6,22,Saturday,38.1,38.7
2024-06-02,Conveyor Belts,228,14,0,87,69.34,9,15809.52,False,False,6,22,Sunday,37.9,37.6
2024-06-03,Conveyor Belts,192,36,0,87,64.26,10,12337.920000000002,False,False,6,23,Monday,36.0,38.1
2024-06-04,Conveyor Belts,157,35,0,87,52.86,9,8299.02,False,False,6,23,Tuesday,34.3,38.5
2024-06-05,Conveyor Belts,110,47,0,87,59.11,13,6502.1,False,False,6,23,Wednesday,33.1,38.5
2024-06-06,Conveyor Belts,61,49,0,87,47.42,6,2892.62,True,False,6,23,Thursday,33.9,38.7
2024-06-07,Conveyor Belts,16,45,0,87,79.16,7,1266.56,True,True,6,23,Friday,33.9,38.6
2024-06-08,Conveyor Belts,16,0,0,87,58.52,13,936.32,True,True,6,23,Saturday,32.3,37.1
2024-06-09,Conveyor Belts,1,15,0,87,69.0,7,69.0,True,True,6,23,Sunday,32.4,36.1
2024-06-10,Conveyor Belts,0,48,0,87,20.54,6,0.0,True,True,6,24,Monday,34.1,37.3
2024-06-11,Conveyor Belts,0,51,0,87,68.63,8,0.0,True,True,6,24,Tuesday,36.4,38.6
2024-06-12,Conveyor Belts,0,41,0,87,62.23,9,0.0,True,True,6,24,Wednesday,35.6,38.4
2024-06-13,Conveyor Belts,0,52,0,87,23.26,10,0.0,True,True,6,24,Thursday,36.0,38.1
2024-06-14,Conveyor Belts,0,44,0,87,50.45,3,0.0,True,True,6,24,Friday,35.9,37.8
2024-06-15,Conveyor Belts,0,25,0,87,40.28,6,0.0,True,True,6,24,Saturday,39.4,37.1
2024-06-16,Conveyor Belts,0,19,0,87,14.26,10,0.0,True,True,6,24,Sunday,40.0,36.1
2024-06-17,Conveyor Belts,0,46,0,87,79.79,13,0.0,True,True,6,25,Monday,39.7,36.9
2024-06-18,Conveyor Belts,0,44,0,87,60.31,12,0.0,True,True,6,25,Tuesday,38.7,37.9
2024-06-19,Conveyor Belts,0,53,0,87,59.87,12,0.0,True,True,6,25,Wednesday,40.4,37.7
2024-06-20,Conveyor Belts,0,51,0,87,75.77,9,0.0,True,True,6,25,Thursday,40.3,37.9
2024-06-21,Conveyor Belts,0,50,0,87,13.14,10,0.0,True,True,6,25,Friday,41.1,38.1
2024-06-22,Conveyor Belts,0,14,0,87,21.8,10,0.0,True,True,6,25,Saturday,39.6,37.0
2024-06-23,Conveyor Belts,0,14,0,87,49.49,12,0.0,True,True,6,25,Sunday,38.9,35.9
2024-06-24,Conveyor Belts,0,42,0,87,33.52,11,0.0,True,True,6,26,Monday,38.3,36.7
2024-06-25,Conveyor Belts,0,41,0,87,25.19,11,0.0,True,True,6,26,Tuesday,37.9,37.6
2024-06-26,Conveyor Belts,0,44,0,87,20.22,4,0.0,True,True,6,26,Wednesday,36.6,37.4
2024-06-27,Conveyor Belts,0,45,0,87,27.75,10,0.0,True,True,6,26,Thursday,35.7,37.3
2024-06-28,Conveyor Belts,0,44,0,87,58.73,13,0.0,True,True,6,26,Friday,34.9,37.0
2024-01-01,Hydraulic Filters,293,37,0,148,43.86,10,12850.98,False,False,1,1,Monday,37.0,37.0
2024-01-02,Hydraulic Filters,261,32,0,148,69.13,13,18042.93,False,False,1,1,Tuesday,34.5,34.5
2024-01-03,Hydraulic Filters,225,36,0,148,30.25,9,6806.25,False,False,1,1,Wednesday,35.0,35.0
2024-01-04,Hydraulic Filters,206,19,0,148,15.86,7,3267.16,False,False,1,1,Thursday,31.0,31.0
2024-01-05,Hydraulic Filters,178,28,0,148,23.79,3,4234.62,False,False,1,1,Friday,30.4,30.4
2024-01-06,Hydraulic Filters,159,19,0,148,20.24,13,3218.16,False,False,1,1,Saturday,28.5,28.5
2024-01-07,Hydraulic Filters,152,7,0,148,68.99,10,10486.48,False,False,1,1,Sunday,25.4,25.4
2024-01-08,Hydraulic Filters,121,31,0,148,36.45,12,4410.450000000001,True,False,1,2,Monday,24.6,26.1
2024-01-09,Hydraulic Filters,86,35,0,148,65.55,10,5637.3,True,False,1,2,Tuesday,25.0,27.1
2024-01-10,Hydraulic Filters,57,29,0,148,21.6,8,1231.2,True,True,1,2,Wednesday,24.0,27.3
2024-01-11,Hydraulic Filters,26,31,0,148,45.18,3,1174.68,True,True,1,2,Thursday,25.7,27.6
2024-01-12,Hydraulic Filters,0,37,0,148,29.92,3,0.0,True,True,1,2,Friday,27.0,28.4
2024-01-13,Hydraulic Filters,0,8,0,148,14.39,13,0.0,True,True,1,2,Saturday,25.4,26.8
2024-01-14,Hydraulic Filters,0,16,0,148,49.89,3,0.0,True,True,1,2,Sunday,26.7,26.1
2024-01-15,Hydraulic Filters,0,28,0,148,42.79,9,0.0,True,True,1,3,Monday,26.3,26.2
2024-01-16,Hydraulic Filters,0,34,0,148,16.92,12,0.0,True,True,1,3,Tuesday,26.1,26.7
2024-01-17,Hydraulic Filters,0,38,0,148,31.24,5,0.0,True,True,1,3,Wednesday,27.4,27.4
2024-01-18,Hydraulic Filters,0,32,0,148,49.62,3,0.0,True,True,1,3,Thursday,27.6,27.6
2024-01-19,Hydraulic Filters,0,22,0,148,33.33,12,0.0,True,True,1,3,Friday,25.4,27.3
2024-01-20,Hydraulic Filters,0,11,0,148,61.89,11,0.0,True,True,1,3,Saturday,25.9,26.5
2024-01-21,Hydraulic Filters,0,9,0,148,55.17,5,0.0,True,True,1,3,Sunday,24.9,25.7
2024-01-22,Hydraulic Filters,0,20,0,148,68.93,9,0.0,True,True,1,4,Monday,23.7,25.4
2024-01-23,Hydraulic Filters,0,30,0,148,60.94,4,0.0,True,True,1,4,Tuesday,23.1,25.6
2024-01-24,Hydraulic Filters,0,34,0,148,58.39,10,0.0,True,True,1,4,Wednesday,22.6,26.0
2024-01-25,Hydraulic Filters,0,39,0,148,23.36,13,0.0,True,True,1,4,Thursday,23.6,26.5
2024-01-26,Hydraulic Filters,0,27,0,148,66.92,13,0.0,True,True,1,4,Friday,24.3,26.5
2024-01-27,Hydraulic Filters,0,14,0,148,42.16,13,0.0,True,True,1,4,Saturday,24.7,26.0
2024-01-28,Hydraulic Filters,0,13,0,148,31.0,11,0.0,True,True,1,4,Sunday,25.3,25.6
2024-01-29,Hydraulic Filters,0,34,0,148,16.6,11,0.0,True,True,1,5,Monday,27.3,25.9
2024-01-30,Hydraulic Filters,0,32,0,148,32.51,6,0.0,True,True,1,5,Tuesday,27.6,26.1
2024-01-31,Hydraulic Filters,297,30,327,148,64.67,4,19206.99,False,False,1,5,Wednesday,27.0,25.8
2024-02-01,Hydraulic Filters,260,37,0,148,31.34,11,8148.4,False,False,2,5,Thursday,26.7,26.0
2024-02-02,Hydraulic Filters,229,31,0,148,70.46,4,16135.339999999998,False,False,2,5,Friday,27.3,25.8
2024-02-03,Hydraulic Filters,221,8,0,148,62.87,5,13894.269999999999,False,False,2,5,Saturday,26.4,25.5
2024-02-04,Hydraulic Filters,211,10,0,148,16.24,4,3426.64,False,False,2,5,Sunday,26.0,24.9
2024-02-05,Hydraulic Filters,183,28,0,148,57.94,8,10603.02,False,False,2,6,Monday,25.1,25.2
2024-02-06,Hydraulic Filters,149,34,0,148,20.49,6,3053.0099999999998,False,False,2,6,Tuesday,25.4,26.1
2024-02-07,Hydraulic Filters,115,34,0,148,49.35,9,5675.25,True,False,2,6,Wednesday,26.0,26.2
2024-02-08,Hydraulic Filters,88,27,0,148,45.58,8,4011.04,True,False,2,6,Thursday,24.6,25.9
2024-02-09,Hydraulic Filters,64,24,0,148,68.67,7,4394.88,True,True,2,6,Friday,23.6,25.7
2024-02-10,Hydraulic Filters,59,5,0,148,23.04,5,1359.36,True,True,2,6,Saturday,23.1,24.9
2024-02-11,Hydraulic Filters,56,3,0,148,41.22,11,2308.3199999999997,True,True,2,6,Sunday,22.1,23.7
2024-02-12,Hydraulic Filters,26,30,0,148,29.69,4,771.94,True,True,2,7,Monday,22.4,24.5
2024-02-13,Hydraulic Filters,0,36,0,148,46.46,9,0.0,True,True,2,7,Tuesday,22.7,25.1
2024-02-14,Hydraulic Filters,0,27,0,148,69.32,11,0.0,True,True,2,7,Wednesday,21.7,25.1
2024-02-15,Hydraulic Filters,0,41,0,148,21.63,13,0.0,True,True,2,7,Thursday,23.7,25.3
2024-02-16,Hydraulic Filters,0,36,0,148,32.78,9,0.0,True,True,2,7,Friday,25.4,25.3
2024-02-17,Hydraulic Filters,0,12,0,148,36.78,7,0.0,True,True,2,7,Saturday,26.4,24.6
2024-02-18,Hydraulic Filters,0,12,0,148,49.17,8,0.0,True,True,2,7,Sunday,27.7,24.3
2024-02-19,Hydraulic Filters,0,27,0,148,40.32,7,0.0,True,True,2,8,Monday,27.3,24.8
2024-02-20,Hydraulic Filters,0,31,0,148,34.01,7,0.0,True,True,2,8,Tuesday,26.6,25.5
2024-02-21,Hydraulic Filters,0,32,0,148,60.75,5,0.0,True,True,2,8,Wednesday,27.3,25.9
2024-02-22,Hydraulic Filters,0,24,0,148,72.87,11,0.0,True,True,2,8,Thursday,24.9,25.7
2024-02-23,Hydraulic Filters,0,35,0,148,35.5,9,0.0,True,True,2,8,Friday,24.7,25.8
2024-02-24,Hydraulic Filters,0,9,0,148,36.65,10,0.0,True,True,2,8,Saturday,24.3,24.8
2024-02-25,Hydraulic Filters,0,12,0,148,60.04,6,0.0,True,True,2,8,Sunday,24.3,24.3
2024-02-26,Hydraulic Filters,0,36,0,148,50.12,5,0.0,True,True,2,9,Monday,25.6,25.0
2024-02-27,Hydraulic Filters,0,43,0,148,12.06,11,0.0,True,True,2,9,Tuesday,27.3,26.0
2024-02-28,Hydraulic Filters,0,33,0,148,20.2,3,0.0,True,True,2,9,Wednesday,27.4,26.0
2024-02-29,Hydraulic Filters,0,41,0,148,45.67,6,0.0,True,True,2,9,Thursday,29.9,26.3
2024-03-01,Hydraulic Filters,350,38,388,148,70.1,9,24534.999999999996,False,False,3,9,Friday,30.3,26.5
2024-03-02,Hydraulic Filters,344,6,0,148,51.1,4,17578.4,False,False,3,9,Saturday,29.9,25.5
2024-03-03,Hydraulic Filters,335,9,0,148,72.39,12,24250.65,False,False,3,9,Sunday,29.4,24.8
2024-03-04,Hydraulic Filters,298,37,0,148,61.73,7,18395.54,False,False,3,10,Monday,29.6,25.7
2024-03-05,Hydraulic Filters,262,36,0,148,58.47,9,15319.14,False,False,3,10,Tuesday,28.6,26.6
2024-03-06,Hydraulic Filters,232,30,0,148,58.22,8,13507.039999999999,False,False,3,10,Wednesday,28.1,26.7
2024-03-07,Hydraulic Filters,205,27,0,148,29.75,5,6098.75,False,False,3,10,Thursday,26.1,26.4
2024-03-08,Hydraulic Filters,166,39,0,148,54.05,13,8972.3,False,False,3,10,Friday,26.3,26.6
2024-03-09,Hydraulic Filters,150,16,0,148,64.46,6,9668.999999999998,False,False,3,10,Saturday,27.7,26.2
2024-03-10,Hydraulic Filters,149,1,0,148,78.96,3,11765.039999999999,False,False,3,10,Sunday,26.6,25.5
2024-03-11,Hydraulic Filters,118,31,0,148,28.01,5,3305.1800000000003,True,False,3,11,Monday,25.7,26.3
2024-03-12,Hydraulic Filters,81,37,0,148,54.55,8,4418.55,True,False,3,11,Tuesday,25.9,27.5
2024-03-13,Hydraulic Filters,48,33,0,148,62.8,12,3014.3999999999996,True,True,3,11,Wednesday,26.3,27.6
2024-03-14,Hydraulic Filters,10,38,0,148,49.04,10,490.4,True,True,3,11,Thursday,27.9,27.6
2024-03-15,Hydraulic Filters,0,29,0,148,38.35,12,0.0,True,True,3,11,Friday,26.4,27.7
2024-03-16,Hydraulic Filters,0,8,0,148,43.73,12,0.0,True,True,3,11,Saturday,25.3,26.6
2024-03-17,Hydraulic Filters,0,6,0,148,49.13,7,0.0,True,True,3,11,Sunday,26.0,25.6
2024-03-18,Hydraulic Filters,0,34,0,148,76.37,3,0.0,True,True,3,12,Monday,26.4,26.3
2024-03-19,Hydraulic Filters,0,34,0,148,18.21,11,0.0,True,True,3,12,Tuesday,26.0,27.1
2024-03-20,Hydraulic Filters,0,31,0,148,80.0,11,0.0,True,True,3,12,Wednesday,25.7,27.2
2024-03-21,Hydraulic Filters,0,34,0,148,80.13,4,0.0,True,True,3,12,Thursday,25.1,27.3
2024-03-22,Hydraulic Filters,0,31,0,148,84.07,11,0.0,True,True,3,12,Friday,25.4,27.3
2024-03-23,Hydraulic Filters,0,19,0,148,72.94,4,0.0,True,True,3,12,Saturday,27.0,27.1
2024-03-24,Hydraulic Filters,0,2,0,148,65.18,12,0.0,True,True,3,12,Sunday,26.4,26.0
2024-03-25,Hydraulic Filters,0,36,0,148,62.44,9,0.0,True,True,3,13,Monday,26.7,26.9
2024-03-26,Hydraulic Filters,0,36,0,148,34.75,9,0.0,True,True,3,13,Tuesday,27.0,27.7
2024-03-27,Hydraulic Filters,0,37,0,148,39.0,12,0.0,True,True,3,13,Wednesday,27.9,27.7
2024-03-28,Hydraulic Filters,0,40,0,148,65.04,11,0.0,True,True,3,13,Thursday,28.7,27.6
2024-03-29,Hydraulic Filters,0,39,0,148,26.48,7,0.0,True,True,3,13,Friday,29.9,27.8
2024-03-30,Hydraulic Filters,0,10,0,148,67.66,4,0.0,True,True,3,13,Saturday,28.6,26.8
2024-03-31,Hydraulic Filters,237,16,253,148,54.17,12,12838.29,False,False,3,13,Sunday,30.6,26.1
2024-04-01,Hydraulic Filters,205,32,0,148,55.77,12,11432.85,False,False,4,14,Monday,30.0,26.9
2024-04-02,Hydraulic Filters,178,27,0,148,46.48,9,8273.439999999999,False,False,4,14,Tuesday,28.7,27.5
2024-04-03,Hydraulic Filters,140,38,0,148,73.22,3,10250.8,True,False,4,14,Wednesday,28.9,27.6
2024-04-04,Hydraulic Filters,105,35,0,148,40.72,8,4275.599999999999,True,False,4,14,Thursday,28.1,27.5
2024-04-05,Hydraulic Filters,72,33,0,148,65.45,4,4712.400000000001,True,True,4,14,Friday,27.3,27.6
2024-04-06,Hydraulic Filters,64,8,0,148,49.7,11,3180.8,True,True,4,14,Saturday,27.0,27.0
2024-04-07,Hydraulic Filters,52,12,0,148,44.03,10,2289.56,True,True,4,14,Sunday,26.4,26.1
2024-04-08,Hydraulic Filters,21,31,0,148,70.79,7,1486.5900000000001,True,True,4,15,Monday,26.3,26.6
2024-04-09,Hydraulic Filters,0,30,0,148,51.1,9,0.0,True,True,4,15,Tuesday,26.7,27.6
2024-04-10,Hydraulic Filters,0,27,0,148,30.99,11,0.0,True,True,4,15,Wednesday,25.1,27.4
2024-04-11,Hydraulic Filters,0,37,0,148,25.19,13,0.0,True,True,4,15,Thursday,25.4,27.4
2024-04-12,Hydraulic Filters,0,27,0,148,34.92,8,0.0,True,True,4,15,Friday,24.6,27.2
2024-04-13,Hydraulic Filters,0,18,0,148,28.12,4,0.0,True,True,4,15,Saturday,26.0,26.6
2024-04-14,Hydraulic Filters,0,12,0,148,83.14,7,0.0,True,True,4,15,Sunday,26.0,26.0
2024-04-15,Hydraulic Filters,0,28,0,148,75.86,3,0.0,True,True,4,16,Monday,25.6,26.7
2024-04-16,Hydraulic Filters,0,36,0,148,52.78,10,0.0,True,True,4,16,Tuesday,26.4,27.7
2024-04-17,Hydraulic Filters,0,34,0,148,27.59,10,0.0,True,True,4,16,Wednesday,27.4,27.7
2024-04-18,Hydraulic Filters,0,29,0,148,60.61,12,0.0,True,True,4,16,Thursday,26.3,27.5
2024-04-19,Hydraulic Filters,0,40,0,148,47.78,12,0.0,True,True,4,16,Friday,28.1,27.8
2024-04-20,Hydraulic Filters,0,11,0,148,40.23,8,0.0,True,True,4,16,Saturday,27.1,27.0
2024-04-21,Hydraulic Filters,0,2,0,148,36.21,11,0.0,True,True,4,16,Sunday,25.7,26.1
2024-04-22,Hydraulic Filters,0,39,0,148,37.78,13,0.0,True,True,4,17,Monday,27.3,26.7
2024-04-23,Hydraulic Filters,0,34,0,148,44.95,10,0.0,True,True,4,17,Tuesday,27.0,27.8
2024-04-24,Hydraulic Filters,0,34,0,148,64.72,8,0.0,True,True,4,17,Wednesday,27.0,27.7
2024-04-25,Hydraulic Filters,0,36,0,148,79.45,11,0.0,True,True,4,17,Thursday,28.0,27.7
2024-04-26,Hydraulic Filters,0,39,0,148,16.34,6,0.0,True,True,4,17,Friday,27.9,27.8
2024-04-27,Hydraulic Filters,0,13,0,148,16.25,12,0.0,True,True,4,17,Saturday,28.1,26.9
2024-04-28,Hydraulic Filters,0,13,0,148,44.02,9,0.0,True,True,4,17,Sunday,29.7,26.0
2024-04-29,Hydraulic Filters,0,36,0,148,47.86,10,0.0,True,True,4,18,Monday,29.3,26.9
2024-04-30,Hydraulic Filters,230,30,260,148,58.85,13,13535.5,False,False,4,18,Tuesday,28.7,27.4
2024-05-01,Hydraulic Filters,201,29,0,148,70.56,8,14182.560000000001,False,False,5,18,Wednesday,28.0,27.3
2024-05-02,Hydraulic Filters,160,41,0,148,29.49,4,4718.4,False,False,5,18,Thursday,28.7,27.7
2024-05-03,Hydraulic Filters,128,32,0,148,80.41,11,10292.48,True,False,5,18,Friday,27.7,27.5
2024-05-04,Hydraulic Filters,117,11,0,148,41.9,3,4902.3,True,False,5,18,Saturday,27.4,26.7
2024-05-05,Hydraulic Filters,99,18,0,148,58.62,3,5803.38,True,False,5,18,Sunday,28.1,26.2
2024-05-06,Hydraulic Filters,72,27,0,148,46.73,10,3364.56,True,True,5,19,Monday,26.9,26.9
2024-05-07,Hydraulic Filters,40,32,0,148,25.55,13,1022.0,True,True,5,19,Tuesday,27.1,27.5
2024-05-08,Hydraulic Filters,3,37,0,148,26.76,11,80.28,True,True,5,19,Wednesday,28.3,27.7
2024-05-09,Hydraulic Filters,0,29,0,148,68.41,12,0.0,True,True,5,19,Thursday,26.6,27.7
2024-05-10,Hydraulic Filters,0,29,0,148,24.66,8,0.0,True,True,5,19,Friday,26.1,27.8
2024-05-11,Hydraulic Filters,0,15,0,148,37.9,8,0.0,True,True,5,19,Saturday,26.7,27.0
2024-05-12,Hydraulic Filters,0,12,0,148,31.3,13,0.0,True,True,5,19,Sunday,25.9,26.5
2024-05-13,Hydraulic Filters,0,25,0,148,24.29,9,0.0,True,True,5,20,Monday,25.6,26.8
2024-05-14,Hydraulic Filters,0,41,0,148,50.79,7,0.0,True,True,5,20,Tuesday,26.9,27.7
2024-05-15,Hydraulic Filters,0,27,0,148,74.95,7,0.0,True,True,5,20,Wednesday,25.4,27.7
2024-05-16,Hydraulic Filters,0,44,0,148,22.39,9,0.0,True,True,5,20,Thursday,27.6,28.0
2024-05-17,Hydraulic Filters,0,34,0,148,18.5,8,0.0,True,True,5,20,Friday,28.3,28.0
2024-05-18,Hydraulic Filters,0,15,0,148,45.92,6,0.0,True,True,5,20,Saturday,28.3,27.5
2024-05-19,Hydraulic Filters,0,12,0,148,18.72,7,0.0,True,True,5,20,Sunday,28.3,26.6
2024-05-20,Hydraulic Filters,0,24,0,148,58.55,13,0.0,True,True,5,21,Monday,28.1,27.0
2024-05-21,Hydraulic Filters,0,33,0,148,27.75,3,0.0,True,True,5,21,Tuesday,27.0,28.0
2024-05-22,Hydraulic Filters,0,33,0,148,46.29,13,0.0,True,True,5,21,Wednesday,27.9,27.8
2024-05-23,Hydraulic Filters,0,31,0,148,28.27,7,0.0,True,True,5,21,Thursday,26.0,27.7
2024-05-24,Hydraulic Filters,0,35,0,148,55.83,7,0.0,True,True,5,21,Friday,26.1,27.8
2024-05-25,Hydraulic Filters,0,13,0,148,77.31,3,0.0,True,True,5,21,Saturday,25.9,27.0
2024-05-26,Hydraulic Filters,0,10,0,148,35.84,12,0.0,True,True,5,21,Sunday,25.6,26.0
2024-05-27,Hydraulic Filters,0,35,0,148,12.33,5,0.0,True,True,5,22,Monday,27.1,26.8
2024-05-28,Hydraulic Filters,0,28,0,148,35.2,12,0.0,True,True,5,22,Tuesday,26.4,27.3
2024-05-29,Hydraulic Filters,0,39,0,148,66.22,11,0.0,True,True,5,22,Wednesday,27.3,27.4
2024-05-30,Hydraulic Filters,180,39,219,148,55.56,3,10000.800000000001,False,False,5,22,Thursday,28.4,27.7
2024-05-31,Hydraulic Filters,152,28,0,148,13.45,6,2044.3999999999999,False,False,5,22,Friday,27.4,27.6
2024-06-01,Hydraulic Filters,141,11,0,148,39.87,12,5621.67,True,False,6,22,Saturday,27.1,26.6
2024-06-02,Hydraulic Filters,135,6,0,148,57.93,11,7820.55,True,False,6,22,Sunday,26.6,25.8
2024-06-03,Hydraulic Filters,107,28,0,148,48.71,10,5211.97,True,False,6,23,Monday,25.6,26.3
2024-06-04,Hydraulic Filters,75,32,0,148,52.91,13,3968.2499999999995,True,False,6,23,Tuesday,26.1,26.8
2024-06-05,Hydraulic Filters,47,28,0,148,69.14,12,3249.58,True,True,6,23,Wednesday,24.6,26.8
2024-06-06,Hydraulic Filters,14,33,0,148,71.09,11,995.26,True,True,6,23,Thursday,23.7,26.9
2024-06-07,Hydraulic Filters,0,31,0,148,49.59,10,0.0,True,True,6,23,Friday,24.1,26.7
2024-06-08,Hydraulic Filters,0,8,0,148,24.86,10,0.0,True,True,6,23,Saturday,23.7,26.0
2024-06-09,Hydraulic Filters,0,13,0,148,83.23,11,0.0,True,True,6,23,Sunday,24.7,25.4
2024-06-10,Hydraulic Filters,0,38,0,148,32.02,7,0.0,True,True,6,24,Monday,26.1,26.2
2024-06-11,Hydraulic Filters,0,37,0,148,23.62,10,0.0,True,True,6,24,Tuesday,26.9,27.0
2024-06-12,Hydraulic Filters,0,31,0,148,28.62,10,0.0,True,True,6,24,Wednesday,27.3,27.2
2024-06-13,Hydraulic Filters,0,31,0,148,18.65,3,0.0,True,True,6,24,Thursday,27.0,26.9
2024-06-14,Hydraulic Filters,0,35,0,148,29.94,8,0.0,True,True,6,24,Friday,27.6,27.2
2024-06-15,Hydraulic Filters,0,11,0,148,52.23,12,0.0,True,True,6,24,Saturday,28.0,26.1
2024-06-16,Hydraulic Filters,0,10,0,148,44.23,9,0.0,True,True,6,24,Sunday,27.6,25.3
2024-06-17,Hydraulic Filters,0,26,0,148,22.74,5,0.0,True,True,6,25,Monday,25.9,25.6
2024-06-18,Hydraulic Filters,0,34,0,148,34.06,12,0.0,True,True,6,25,Tuesday,25.4,26.4
2024-06-19,Hydraulic Filters,0,24,0,148,50.35,10,0.0,True,True,6,25,Wednesday,24.4,26.4
2024-06-20,Hydraulic Filters,0,24,0,148,53.11,4,0.0,True,True,6,25,Thursday,23.4,26.1
2024-06-21,Hydraulic Filters,0,33,0,148,39.07,9,0.0,True,True,6,25,Friday,23.1,26.1
2024-06-22,Hydraulic Filters,0,10,0,148,82.37,13,0.0,True,True,6,25,Saturday,23.0,25.4
2024-06-23,Hydraulic Filters,0,16,0,148,48.89,11,0.0,True,True,6,25,Sunday,23.9,24.7
2024-06-24,Hydraulic Filters,0,37,0,148,82.97,5,0.0,True,True,6,26,Monday,25.4,25.5
2024-06-25,Hydraulic Filters,0,36,0,148,23.19,6,0.0,True,True,6,26,Tuesday,25.7,26.4
2024-06-26,Hydraulic Filters,0,29,0,148,57.66,3,0.0,True,True,6,26,Wednesday,26.4,26.2
2024-06-27,Hydraulic Filters,0,26,0,148,80.35,8,0.0,True,True,6,26,Thursday,26.7,26.1
2024-06-28,Hydraulic Filters,0,23,0,148,67.0,4,0.0,True,True,6,26,Friday,25.3,25.6
2024-01-01,Industrial Bearings,423,52,0,148,83.39,10,35273.97,False,False,1,1,Monday,52.0,52.0
2024-01-02,Industrial Bearings,381,42,0,148,48.58,13,18508.98,False,False,1,1,Tuesday,47.0,47.0
2024-01-03,Industrial Bearings,337,44,0,148,61.58,10,20752.46,False,False,1,1,Wednesday,46.0,46.0
2024-01-04,Industrial Bearings,302,35,0,148,39.81,10,12022.62,False,False,1,1,Thursday,43.2,43.2
2024-01-05,Industrial Bearings,256,46,0,148,27.58,8,7060.48,False,False,1,1,Friday,43.8,43.8
2024-01-06,Industrial Bearings,243,13,0,148,79.86,10,19405.98,False,False,1,1,Saturday,38.7,38.7
2024-01-07,Industrial Bearings,228,15,0,148,81.36,11,18550.079999999998,False,False,1,1,Sunday,35.3,35.3
2024-01-08,Industrial Bearings,186,42,0,148,24.71,9,4596.06,False,False,1,2,Monday,33.9,36.1
2024-01-09,Industrial Bearings,134,52,0,148,60.84,3,8152.56,True,False,1,2,Tuesday,35.3,37.9
2024-01-10,Industrial Bearings,89,45,0,148,19.33,10,1720.37,True,False,1,2,Wednesday,35.4,38.6
2024-01-11,Industrial Bearings,52,37,0,148,44.59,10,2318.6800000000003,True,True,1,2,Thursday,35.7,38.5
2024-01-12,Industrial Bearings,13,39,0,148,34.92,10,453.96000000000004,True,True,1,2,Friday,34.7,38.5
2024-01-13,Industrial Bearings,8,5,0,148,32.64,7,261.12,True,True,1,2,Saturday,33.6,35.9
2024-01-14,Industrial Bearings,0,17,0,148,43.63,12,0.0,True,True,1,2,Sunday,33.9,34.6
2024-01-15,Industrial Bearings,0,41,0,148,43.13,8,0.0,True,True,1,3,Monday,33.7,35.0
2024-01-16,Industrial Bearings,0,52,0,148,59.96,13,0.0,True,True,1,3,Tuesday,33.7,36.1
2024-01-17,Industrial Bearings,0,52,0,148,44.08,12,0.0,True,True,1,3,Wednesday,34.7,37.0
2024-01-18,Industrial Bearings,0,39,0,148,50.28,7,0.0,True,True,1,3,Thursday,35.0,37.1
2024-01-19,Industrial Bearings,0,42,0,148,34.55,7,0.0,True,True,1,3,Friday,35.4,37.4
2024-01-20,Industrial Bearings,0,15,0,148,52.69,13,0.0,True,True,1,3,Saturday,36.9,36.2
2024-01-21,Industrial Bearings,0,14,0,148,73.43,11,0.0,True,True,1,3,Sunday,36.4,35.2
2024-01-22,Industrial Bearings,0,50,0,148,18.98,8,0.0,True,True,1,4,Monday,37.7,35.9
2024-01-23,Industrial Bearings,0,38,0,148,37.08,13,0.0,True,True,1,4,Tuesday,35.7,36.0
2024-01-24,Industrial Bearings,0,44,0,148,40.99,7,0.0,True,True,1,4,Wednesday,34.6,36.3
2024-01-25,Industrial Bearings,0,42,0,148,44.71,9,0.0,True,True,1,4,Thursday,35.0,36.5
2024-01-26,Industrial Bearings,0,38,0,148,45.53,9,0.0,True,True,1,4,Friday,34.4,36.6
2024-01-27,Industrial Bearings,0,22,0,148,76.77,4,0.0,True,True,1,4,Saturday,35.4,36.0
2024-01-28,Industrial Bearings,0,13,0,148,75.95,13,0.0,True,True,1,4,Sunday,35.3,35.2
2024-01-29,Industrial Bearings,0,42,0,148,46.73,8,0.0,True,True,1,5,Monday,34.1,35.4
2024-01-30,Industrial Bearings,0,47,0,148,64.36,8,0.0,True,True,1,5,Tuesday,35.4,35.8
2024-01-31,Industrial Bearings,228,47,275,148,38.07,4,8679.960000000001,False,False,1,5,Wednesday,35.9,35.7
2024-02-01,Industrial Bearings,178,50,0,148,46.62,11,8298.359999999999,False,False,2,5,Thursday,37.0,35.9
2024-02-02,Industrial Bearings,141,37,0,148,40.62,13,5727.42,True,False,2,5,Friday,36.9,35.7
2024-02-03,Industrial Bearings,126,15,0,148,16.05,5,2022.3000000000002,True,False,2,5,Saturday,35.9,35.0
2024-02-04,Industrial Bearings,113,13,0,148,60.12,4,6793.5599999999995,True,False,2,5,Sunday,35.9,33.9
2024-02-05,Industrial Bearings,71,42,0,148,70.26,7,4988.46,True,True,2,6,Monday,35.9,34.9
2024-02-06,Industrial Bearings,33,38,0,148,69.1,5,2280.2999999999997,True,True,2,6,Tuesday,34.6,35.7
2024-02-07,Industrial Bearings,0,45,0,148,47.63,10,0.0,True,True,2,6,Wednesday,34.3,35.8
2024-02-08,Industrial Bearings,0,51,0,148,83.19,4,0.0,True,True,2,6,Thursday,34.4,35.7
2024-02-09,Industrial Bearings,0,45,0,148,24.34,3,0.0,True,True,2,6,Friday,35.6,35.7
2024-02-10,Industrial Bearings,0,14,0,148,57.96,6,0.0,True,True,2,6,Saturday,35.4,35.0
2024-02-11,Industrial Bearings,0,14,0,148,64.5,3,0.0,True,True,2,6,Sunday,35.6,34.1
2024-02-12,Industrial Bearings,0,38,0,148,40.59,11,0.0,True,True,2,7,Monday,35.0,35.2
2024-02-13,Industrial Bearings,0,45,0,148,24.02,7,0.0,True,True,2,7,Tuesday,36.0,36.2
2024-02-14,Industrial Bearings,0,33,0,148,50.58,10,0.0,True,True,2,7,Wednesday,34.3,35.9
2024-02-15,Industrial Bearings,0,40,0,148,58.61,3,0.0,True,True,2,7,Thursday,32.7,35.5
2024-02-16,Industrial Bearings,0,44,0,148,62.86,3,0.0,True,True,2,7,Friday,32.6,35.2
2024-02-17,Industrial Bearings,0,12,0,148,53.37,8,0.0,True,True,2,7,Saturday,32.3,34.3
2024-02-18,Industrial Bearings,0,19,0,148,80.67,11,0.0,True,True,2,7,Sunday,33.0,33.6
2024-02-19,Industrial Bearings,0,35,0,148,83.26,4,0.0,True,True,2,8,Monday,32.6,34.2
2024-02-20,Industrial Bearings,0,38,0,148,19.84,10,0.0,True,True,2,8,Tuesday,31.6,35.0
2024-02-21,Industrial Bearings,0,40,0,148,75.23,13,0.0,True,True,2,8,Wednesday,32.6,34.7
2024-02-22,Industrial Bearings,0,42,0,148,51.88,11,0.0,True,True,2,8,Thursday,32.9,34.8
2024-02-23,Industrial Bearings,0,49,0,148,78.48,4,0.0,True,True,2,8,Friday,33.6,35.0
2024-02-24,Industrial Bearings,0,11,0,148,66.01,9,0.0,True,True,2,8,Saturday,33.4,34.0
2024-02-25,Industrial Bearings,0,9,0,148,42.52,4,0.0,True,True,2,8,Sunday,32.0,33.0
2024-02-26,Industrial Bearings,0,57,0,148,35.14,3,0.0,True,True,2,9,Monday,35.1,34.2
2024-02-27,Industrial Bearings,0,52,0,148,62.3,13,0.0,True,True,2,9,Tuesday,37.1,35.5
2024-02-28,Industrial Bearings,0,41,0,148,39.62,4,0.0,True,True,2,9,Wednesday,37.3,35.4
2024-02-29,Industrial Bearings,0,38,0,148,79.07,11,0.0,True,True,2,9,Thursday,36.7,35.1
2024-03-01,Industrial Bearings,193,51,244,148,28.98,4,5593.14,False,False,3,9,Friday,37.0,35.3
2024-03-02,Industrial Bearings,179,14,0,148,32.17,8,5758.43,False,False,3,9,Saturday,37.4,34.1
2024-03-03,Industrial Bearings,154,25,0,148,49.36,9,7601.44,False,False,3,9,Sunday,39.7,33.7
2024-03-04,Industrial Bearings,99,55,0,148,81.08,9,8026.92,True,False,3,10,Monday,39.4,35.0
2024-03-05,Industrial Bearings,50,49,0,148,63.98,10,3199.0,True,True,3,10,Tuesday,39.0,36.2
2024-03-06,Industrial Bearings,12,38,0,148,22.71,8,272.52,True,True,3,10,Wednesday,38.6,36.1
2024-03-07,Industrial Bearings,0,39,0,148,56.47,9,0.0,True,True,3,10,Thursday,38.7,36.1
2024-03-08,Industrial Bearings,0,39,0,148,27.16,8,0.0,True,True,3,10,Friday,37.0,35.9
2024-03-09,Industrial Bearings,0,21,0,148,25.73,7,0.0,True,True,3,10,Saturday,38.0,34.9
2024-03-10,Industrial Bearings,0,18,0,148,18.65,8,0.0,True,True,3,10,Sunday,37.0,34.0
2024-03-11,Industrial Bearings,0,40,0,148,77.38,5,0.0,True,True,3,11,Monday,34.9,34.9
2024-03-12,Industrial Bearings,0,45,0,148,60.31,7,0.0,True,True,3,11,Tuesday,34.3,35.9
2024-03-13,Industrial Bearings,0,48,0,148,80.44,10,0.0,True,True,3,11,Wednesday,35.7,36.2
2024-03-14,Industrial Bearings,0,40,0,148,29.67,6,0.0,True,True,3,11,Thursday,35.9,36.1
2024-03-15,Industrial Bearings,0,46,0,148,34.18,4,0.0,True,True,3,11,Friday,36.9,36.5
2024-03-16,Industrial Bearings,0,22,0,148,33.12,7,0.0,True,True,3,11,Saturday,37.0,35.9
2024-03-17,Industrial Bearings,0,15,0,148,83.96,13,0.0,True,True,3,11,Sunday,36.6,34.9
2024-03-18,Industrial Bearings,0,41,0,148,42.75,11,0.0,True,True,3,12,Monday,36.7,35.9
2024-03-19,Industrial Bearings,0,37,0,148,31.81,4,0.0,True,True,3,12,Tuesday,35.6,36.5
2024-03-20,Industrial Bearings,0,48,0,148,26.86,9,0.0,True,True,3,12,Wednesday,35.6,36.9
2024-03-21,Industrial Bearings,0,34,0,148,14.57,13,0.0,True,True,3,12,Thursday,34.7,36.8
2024-03-22,Industrial Bearings,0,47,0,148,54.79,12,0.0,True,True,3,12,Friday,34.9,37.0
2024-03-23,Industrial Bearings,0,15,0,148,36.6,5,0.0,True,True,3,12,Saturday,33.9,36.1
2024-03-24,Industrial Bearings,0,19,0,148,20.45,6,0.0,True,True,3,12,Sunday,34.4,35.1
2024-03-25,Industrial Bearings,0,38,0,148,37.91,9,0.0,True,True,3,13,Monday,34.0,36.0
2024-03-26,Industrial Bearings,0,42,0,148,75.99,12,0.0,True,True,3,13,Tuesday,34.7,37.1
2024-03-27,Industrial Bearings,0,51,0,148,43.52,8,0.0,True,True,3,13,Wednesday,35.1,36.9
2024-03-28,Industrial Bearings,0,49,0,148,16.35,6,0.0,True,True,3,13,Thursday,37.3,36.8
2024-03-29,Industrial Bearings,0,53,0,148,78.0,6,0.0,True,True,3,13,Friday,38.1,37.2
2024-03-30,Industrial Bearings,0,9,0,148,33.75,8,0.0,True,True,3,13,Saturday,37.3,36.3
2024-03-31,Industrial Bearings,221,13,234,148,50.7,6,11204.7,False,False,3,13,Sunday,36.4,35.0
2024-04-01,Industrial Bearings,171,50,0,148,61.19,5,10463.49,False,False,4,14,Monday,38.1,36.2
2024-04-02,Industrial Bearings,120,51,0,148,50.23,13,6027.599999999999,True,False,4,14,Tuesday,39.4,37.1
2024-04-03,Industrial Bearings,80,40,0,148,31.87,5,2549.6,True,False,4,14,Wednesday,37.9,36.6
2024-04-04,Industrial Bearings,37,43,0,148,15.85,3,586.4499999999999,True,True,4,14,Thursday,37.0,36.4
2024-04-05,Industrial Bearings,0,43,0,148,26.37,10,0.0,True,True,4,14,Friday,35.6,36.5
2024-04-06,Industrial Bearings,0,14,0,148,20.66,4,0.0,True,True,4,14,Saturday,36.3,35.7
2024-04-07,Industrial Bearings,0,10,0,148,40.56,9,0.0,True,True,4,14,Sunday,35.9,34.7
2024-04-08,Industrial Bearings,0,44,0,148,12.41,7,0.0,True,True,4,15,Monday,35.0,35.5
2024-04-09,Industrial Bearings,0,47,0,148,12.9,3,0.0,True,True,4,15,Tuesday,34.4,36.5
2024-04-10,Industrial Bearings,0,48,0,148,77.1,12,0.0,True,True,4,15,Wednesday,35.6,36.7
2024-04-11,Industrial Bearings,0,33,0,148,49.69,9,0.0,True,True,4,15,Thursday,34.1,36.3
2024-04-12,Industrial Bearings,0,50,0,148,75.44,6,0.0,True,True,4,15,Friday,35.1,36.4
2024-04-13,Industrial Bearings,0,13,0,148,62.81,8,0.0,True,True,4,15,Saturday,35.0,35.5
2024-04-14,Industrial Bearings,0,14,0,148,36.8,12,0.0,True,True,4,15,Sunday,35.6,34.4
2024-04-15,Industrial Bearings,0,38,0,148,72.8,13,0.0,True,True,4,16,Monday,34.7,35.0
2024-04-16,Industrial Bearings,0,36,0,148,16.02,9,0.0,True,True,4,16,Tuesday,33.1,35.7
2024-04-17,Industrial Bearings,0,41,0,148,26.29,7,0.0,True,True,4,16,Wednesday,32.1,35.7
2024-04-18,Industrial Bearings,0,35,0,148,50.72,7,0.0,True,True,4,16,Thursday,32.4,35.6
2024-04-19,Industrial Bearings,0,38,0,148,77.19,11,0.0,True,True,4,16,Friday,30.7,35.3
2024-04-20,Industrial Bearings,0,12,0,148,52.98,4,0.0,True,True,4,16,Saturday,30.6,34.5
2024-04-21,Industrial Bearings,0,22,0,148,68.61,7,0.0,True,True,4,16,Sunday,31.7,33.7
2024-04-22,Industrial Bearings,0,46,0,148,47.5,11,0.0,True,True,4,17,Monday,32.9,34.7
2024-04-23,Industrial Bearings,0,43,0,148,66.07,7,0.0,True,True,4,17,Tuesday,33.9,35.5
2024-04-24,Industrial Bearings,0,45,0,148,32.7,9,0.0,True,True,4,17,Wednesday,34.4,35.8
2024-04-25,Industrial Bearings,0,38,0,148,46.06,3,0.0,True,True,4,17,Thursday,34.9,35.6
2024-04-26,Industrial Bearings,0,51,0,148,65.64,4,0.0,True,True,4,17,Friday,36.7,35.6
2024-04-27,Industrial Bearings,0,15,0,148,16.48,5,0.0,True,True,4,17,Saturday,37.1,34.5
2024-04-28,Industrial Bearings,0,23,0,148,36.52,10,0.0,True,True,4,17,Sunday,37.3,33.5
2024-04-29,Industrial Bearings,0,34,0,148,65.58,10,0.0,True,True,4,18,Monday,35.6,34.3
2024-04-30,Industrial Bearings,202,43,245,148,29.21,4,5900.42,False,False,4,18,Tuesday,35.6,35.3
2024-05-01,Industrial Bearings,152,50,0,148,42.38,13,6441.76,False,False,5,18,Wednesday,36.3,35.3
2024-05-02,Industrial Bearings,116,36,0,148,45.6,7,5289.6,True,False,5,18,Thursday,36.0,34.8
2024-05-03,Industrial Bearings,78,38,0,148,17.31,6,1350.1799999999998,True,False,5,18,Friday,34.1,34.8
2024-05-04,Industrial Bearings,65,13,0,148,12.37,12,804.05,True,True,5,18,Saturday,33.9,33.8
2024-05-05,Industrial Bearings,54,11,0,148,59.04,13,3188.16,True,True,5,18,Sunday,32.1,32.7
2024-05-06,Industrial Bearings,8,46,0,148,80.65,9,645.2,True,True,5,19,Monday,33.9,33.8
2024-05-07,Industrial Bearings,0,44,0,148,38.33,5,0.0,True,True,5,19,Tuesday,34.0,34.9
2024-05-08,Industrial Bearings,0,44,0,148,68.98,7,0.0,True,True,5,19,Wednesday,33.1,34.9
2024-05-09,Industrial Bearings,0,45,0,148,42.94,8,0.0,True,True,5,19,Thursday,34.4,34.8
2024-05-10,Industrial Bearings,0,46,0,148,51.56,8,0.0,True,True,5,19,Friday,35.6,34.8
2024-05-11,Industrial Bearings,0,13,0,148,12.12,3,0.0,True,True,5,19,Saturday,35.6,34.1
2024-05-12,Industrial Bearings,0,15,0,148,17.32,9,0.0,True,True,5,19,Sunday,36.1,32.9
2024-05-13,Industrial Bearings,0,40,0,148,74.61,4,0.0,True,True,5,20,Monday,35.3,33.8
2024-05-14,Industrial Bearings,0,44,0,148,81.8,10,0.0,True,True,5,20,Tuesday,35.3,34.8
2024-05-15,Industrial Bearings,0,41,0,148,81.38,11,0.0,True,True,5,20,Wednesday,34.9,34.9
2024-05-16,Industrial Bearings,0,40,0,148,47.6,6,0.0,True,True,5,20,Thursday,34.1,35.1
2024-05-17,Industrial Bearings,0,41,0,148,84.87,12,0.0,True,True,5,20,Friday,33.4,35.1
2024-05-18,Industrial Bearings,0,16,0,148,79.26,4,0.0,True,True,5,20,Saturday,33.9,34.4
2024-05-19,Industrial Bearings,0,10,0,148,84.07,4,0.0,True,True,5,20,Sunday,33.1,33.5
2024-05-20,Industrial Bearings,0,42,0,148,63.27,5,0.0,True,True,5,21,Monday,33.4,34.5
2024-05-21,Industrial Bearings,0,42,0,148,31.8,8,0.0,True,True,5,21,Tuesday,33.1,35.2
2024-05-22,Industrial Bearings,0,44,0,148,37.75,8,0.0,True,True,5,21,Wednesday,33.6,35.1
2024-05-23,Industrial Bearings,0,46,0,148,38.89,6,0.0,True,True,5,21,Thursday,34.4,35.2
2024-05-24,Industrial Bearings,0,43,0,148,30.15,8,0.0,True,True,5,21,Friday,34.7,35.1
2024-05-25,Industrial Bearings,0,15,0,148,72.45,8,0.0,True,True,5,21,Saturday,34.6,34.4
2024-05-26,Industrial Bearings,0,7,0,148,53.97,10,0.0,True,True,5,21,Sunday,34.1,32.9
2024-05-27,Industrial Bearings,0,46,0,148,14.72,13,0.0,True,True,5,22,Monday,34.7,33.9
2024-05-28,Industrial Bearings,0,43,0,148,42.13,6,0.0,True,True,5,22,Tuesday,34.9,34.6
2024-05-29,Industrial Bearings,0,43,0,148,40.22,3,0.0,True,True,5,22,Wednesday,34.7,34.9
2024-05-30,Industrial Bearings,154,48,202,148,80.12,5,12338.480000000001,False,False,5,22,Thursday,35.0,35.1
2024-05-31,Industrial Bearings,111,43,0,148,42.01,11,4663.11,True,False,5,22,Friday,35.0,34.8
2024-06-01,Industrial Bearings,99,12,0,148,21.93,7,2171.07,True,False,6,22,Saturday,34.6,34.0
2024-06-02,Industrial Bearings,89,10,0,148,69.27,11,6165.03,True,False,6,22,Sunday,35.0,33.1
2024-06-03,Industrial Bearings,51,38,0,148,57.39,6,2926.89,True,True,6,23,Monday,33.9,33.9
2024-06-04,Industrial Bearings,12,39,0,148,40.86,4,490.32,True,True,6,23,Tuesday,33.3,34.9
2024-06-05,Industrial Bearings,0,47,0,148,62.09,9,0.0,True,True,6,23,Wednesday,33.9,34.9
2024-06-06,Industrial Bearings,0,41,0,148,63.17,11,0.0,True,True,6,23,Thursday,32.9,34.8
2024-06-07,Industrial Bearings,0,41,0,148,82.14,9,0.0,True,True,6,23,Friday,32.6,34.7
2024-06-08,Industrial Bearings,0,10,0,148,23.86,6,0.0,True,True,6,23,Saturday,32.3,33.5
2024-06-09,Industrial Bearings,0,6,0,148,54.6,7,0.0,True,True,6,23,Sunday,31.7,32.2
2024-06-10,Industrial Bearings,0,43,0,148,25.4,11,0.0,True,True,6,24,Monday,32.4,33.2
2024-06-11,Industrial Bearings,0,45,0,148,84.24,4,0.0,True,True,6,24,Tuesday,33.3,34.2
2024-06-12,Industrial Bearings,0,39,0,148,38.69,7,0.0,True,True,6,24,Wednesday,32.1,34.2
2024-06-13,Industrial Bearings,0,36,0,148,79.95,8,0.0,True,True,6,24,Thursday,31.4,33.9
2024-06-14,Industrial Bearings,0,46,0,148,39.68,9,0.0,True,True,6,24,Friday,32.1,34.1
2024-06-15,Industrial Bearings,0,22,0,148,22.3,9,0.0,True,True,6,24,Saturday,33.9,33.5
2024-06-16,Industrial Bearings,0,4,0,148,38.05,8,0.0,True,True,6,24,Sunday,33.6,32.2
2024-06-17,Industrial Bearings,0,46,0,148,15.05,9,0.0,True,True,6,25,Monday,34.0,33.2
2024-06-18,Industrial Bearings,0,50,0,148,75.05,4,0.0,True,True,6,25,Tuesday,34.7,34.6
2024-06-19,Industrial Bearings,0,36,0,148,36.52,6,0.0,True,True,6,25,Wednesday,34.3,34.4
2024-06-20,Industrial Bearings,0,52,0,148,57.13,5,0.0,True,True,6,25,Thursday,36.6,34.7
2024-06-21,Industrial Bearings,0,32,0,148,54.73,3,0.0,True,True,6,25,Friday,34.6,34.3
2024-06-22,Industrial Bearings,0,8,0,148,28.54,5,0.0,True,True,6,25,Saturday,32.6,33.0
2024-06-23,Industrial Bearings,0,7,0,148,14.21,8,0.0,True,True,6,25,Sunday,33.0,31.8
2024-06-24,Industrial Bearings,0,45,0,148,66.75,12,0.0,True,True,6,26,Monday,32.9,32.8
2024-06-25,Industrial Bearings,0,53,0,148,84.52,8,0.0,True,True,6,26,Tuesday,33.3,34.4
2024-06-26,Industrial Bearings,0,34,0,148,77.15,6,0.0,True,True,6,26,Wednesday,33.0,34.0
2024-06-27,Industrial Bearings,0,41,0,148,79.73,4,0.0,True,True,6,26,Thursday,31.4,33.9
2024-06-28,Industrial Bearings,0,51,0,148,68.52,5,0.0,True,True,6,26,Friday,34.1,34.2
2024-01-01,Lubricant Drums,572,27,0,88,66.31,10,37929.32,False,False,1,1,Monday,27.0,27.0
2024-01-02,Lubricant Drums,551,21,0,88,48.48,5,26712.48,False,False,1,1,Tuesday,24.0,24.0
2024-01-03,Lubricant Drums,529,22,0,88,64.19,3,33956.51,False,False,1,1,Wednesday,23.3,23.3
2024-01-04,Lubricant Drums,509,20,0,88,24.07,6,12251.630000000001,False,False,1,1,Thursday,22.5,22.5
2024-01-05,Lubricant Drums,490,19,0,88,56.84,11,27851.600000000002,False,False,1,1,Friday,21.8,21.8
2024-01-06,Lubricant Drums,485,5,0,88,31.25,6,15156.25,False,False,1,1,Saturday,19.0,19.0
2024-01-07,Lubricant Drums,477,8,0,88,22.78,9,10866.060000000001,False,False,1,1,Sunday,17.4,17.4
2024-01-08,Lubricant Drums,461,16,0,88,72.84,6,33579.24,False,False,1,2,Monday,15.9,17.2
2024-01-09,Lubricant Drums,458,3,0,88,77.9,3,35678.200000000004,False,False,1,2,Tuesday,13.3,15.7
2024-01-10,Lubricant Drums,436,22,0,88,73.99,6,32259.64,False,False,1,2,Wednesday,13.3,16.3
2024-01-11,Lubricant Drums,426,10,0,88,47.2,13,20107.2,False,False,1,2,Thursday,11.9,15.7
2024-01-12,Lubricant Drums,414,12,0,88,33.71,8,13955.94,False,False,1,2,Friday,10.9,15.4
2024-01-13,Lubricant Drums,413,1,0,88,75.09,8,31012.170000000002,False,False,1,2,Saturday,10.3,14.3
2024-01-14,Lubricant Drums,394,19,0,88,47.02,3,18525.88,False,False,1,2,Sunday,11.9,14.6
2024-01-15,Lubricant Drums,374,20,0,88,83.74,9,31318.76,False,False,1,3,Monday,12.4,15.0
2024-01-16,Lubricant Drums,353,21,0,88,33.12,3,11691.359999999999,False,False,1,3,Tuesday,15.0,15.4
2024-01-17,Lubricant Drums,329,24,0,88,41.3,5,13587.699999999999,False,False,1,3,Wednesday,15.3,15.9
2024-01-18,Lubricant Drums,304,25,0,88,27.09,5,8235.36,False,False,1,3,Thursday,17.4,16.4
2024-01-19,Lubricant Drums,296,8,0,88,54.65,4,16176.4,False,False,1,3,Friday,16.9,15.9
2024-01-20,Lubricant Drums,290,6,0,88,33.15,4,9613.5,False,False,1,3,Saturday,17.6,15.4
2024-01-21,Lubricant Drums,283,7,0,88,22.81,12,6455.23,False,False,1,3,Sunday,15.9,15.0
2024-01-22,Lubricant Drums,253,30,0,88,17.16,9,4341.4800000000005,False,False,1,4,Monday,17.3,15.7
2024-01-23,Lubricant Drums,240,13,0,88,47.36,6,11366.4,False,False,1,4,Tuesday,16.1,15.6
2024-01-24,Lubricant Drums,220,20,0,88,49.22,10,10828.4,False,False,1,4,Wednesday,15.6,15.8
2024-01-25,Lubricant Drums,211,9,0,88,23.7,5,5000.7,False,False,1,4,Thursday,13.3,15.5
2024-01-26,Lubricant Drums,195,16,0,88,59.08,13,11520.6,False,False,1,4,Friday,14.4,15.5
2024-01-27,Lubricant Drums,187,8,0,88,12.2,3,2281.4,False,False,1,4,Saturday,14.7,15.3
2024-01-28,Lubricant Drums,187,0,0,88,71.09,5,13293.83,False,False,1,4,Sunday,13.7,14.7
2024-01-29,Lubricant Drums,170,17,0,88,53.89,6,9161.3,False,False,1,5,Monday,11.9,14.8
2024-01-30,Lubricant Drums,149,21,0,88,19.42,12,2893.5800000000004,False,False,1,5,Tuesday,13.0,15.0
2024-01-31,Lubricant Drums,378,26,255,88,47.33,3,17890.739999999998,False,False,1,5,Wednesday,13.9,15.0
2024-02-01,Lubricant Drums,356,22,0,88,60.88,6,21673.280000000002,False,False,2,5,Thursday,15.7,15.0
2024-02-02,Lubricant Drums,334,22,0,88,18.93,9,6322.62,False,False,2,5,Friday,16.6,15.0
2024-02-03,Lubricant Drums,331,3,0,88,17.0,3,5627.0,False,False,2,5,Saturday,15.9,14.4
2024-02-04,Lubricant Drums,320,11,0,88,15.15,11,4848.0,False,False,2,5,Sunday,17.4,14.2
2024-02-05,Lubricant Drums,302,18,0,88,36.93,7,11152.86,False,False,2,6,Monday,17.6,14.6
2024-02-06,Lubricant Drums,284,18,0,88,66.79,11,18968.36,False,False,2,6,Tuesday,17.1,14.9
2024-02-07,Lubricant Drums,261,23,0,88,41.02,13,10706.220000000001,False,False,2,6,Wednesday,16.7,15.2
2024-02-08,Lubricant Drums,241,20,0,88,58.36,11,14064.76,False,False,2,6,Thursday,16.4,15.7
2024-02-09,Lubricant Drums,223,18,0,88,68.46,8,15266.579999999998,False,False,2,6,Friday,15.9,15.6
2024-02-10,Lubricant Drums,214,9,0,88,37.0,3,7918.0,False,False,2,6,Saturday,16.7,15.6
2024-02-11,Lubricant Drums,198,16,0,88,76.54,6,15154.920000000002,False,False,2,6,Sunday,17.4,15.7
2024-02-12,Lubricant Drums,178,20,0,88,45.24,12,8052.72,False,False,2,7,Monday,17.7,16.3
2024-02-13,Lubricant Drums,150,28,0,88,72.45,4,10867.5,False,False,2,7,Tuesday,19.1,16.6
2024-02-14,Lubricant Drums,129,21,0,88,53.42,10,6891.18,False,False,2,7,Wednesday,18.9,16.7
2024-02-15,Lubricant Drums,119,10,0,88,77.39,7,9209.41,False,False,2,7,Thursday,17.4,16.3
2024-02-16,Lubricant Drums,92,27,0,88,74.0,10,6808.0,False,False,2,7,Friday,18.7,16.4
2024-02-17,Lubricant Drums,87,5,0,88,34.83,12,3030.21,True,False,2,7,Saturday,18.1,15.7
2024-02-18,Lubricant Drums,86,1,0,88,35.51,10,3053.8599999999997,True,False,2,7,Sunday,16.0,15.5
2024-02-19,Lubricant Drums,63,23,0,88,21.22,4,1336.86,True,False,2,8,Monday,16.4,16.1
2024-02-20,Lubricant Drums,50,13,0,88,69.45,12,3472.5,True,False,2,8,Tuesday,14.3,16.3
2024-02-21,Lubricant Drums,23,27,0,88,60.94,5,1401.62,True,True,2,8,Wednesday,15.1,16.2
2024-02-22,Lubricant Drums,12,11,0,88,67.44,7,809.28,True,True,2,8,Thursday,15.3,16.1
2024-02-23,Lubricant Drums,0,24,0,88,84.78,6,0.0,True,True,2,8,Friday,14.9,16.2
2024-02-24,Lubricant Drums,0,0,0,88,62.6,3,0.0,True,True,2,8,Saturday,14.1,15.9
2024-02-25,Lubricant Drums,0,15,0,88,24.18,3,0.0,True,True,2,8,Sunday,16.1,15.9
2024-02-26,Lubricant Drums,0,12,0,88,60.75,5,0.0,True,True,2,9,Monday,14.6,16.0
2024-02-27,Lubricant Drums,0,21,0,88,42.77,10,0.0,True,True,2,9,Tuesday,15.7,16.7
2024-02-28,Lubricant Drums,0,17,0,88,60.42,12,0.0,True,True,2,9,Wednesday,14.3,16.7
2024-02-29,Lubricant Drums,0,28,0,88,25.81,5,0.0,True,True,2,9,Thursday,16.7,17.0
2024-03-01,Lubricant Drums,218,17,235,88,36.63,3,7985.34,False,False,3,9,Friday,15.7,16.7
2024-03-02,Lubricant Drums,216,2,0,88,53.66,12,11590.56,False,False,3,9,Saturday,16.0,16.0
2024-03-03,Lubricant Drums,216,0,0,88,55.65,13,12020.4,False,False,3,9,Sunday,13.9,15.3
2024-03-04,Lubricant Drums,195,21,0,88,34.39,12,6706.05,False,False,3,10,Monday,15.1,15.9
2024-03-05,Lubricant Drums,176,19,0,88,42.47,13,7474.719999999999,False,False,3,10,Tuesday,14.9,16.1
2024-03-06,Lubricant Drums,161,15,0,88,72.3,5,11640.3,False,False,3,10,Wednesday,14.6,16.0
2024-03-07,Lubricant Drums,138,23,0,88,26.97,5,3721.8599999999997,False,False,3,10,Thursday,13.9,16.2
2024-03-08,Lubricant Drums,122,16,0,88,62.97,4,7682.34,False,False,3,10,Friday,13.7,16.0
2024-03-09,Lubricant Drums,108,14,0,88,50.86,6,5492.88,False,False,3,10,Saturday,15.4,15.8
2024-03-10,Lubricant Drums,99,9,0,88,39.64,12,3924.36,False,False,3,10,Sunday,16.7,15.5
2024-03-11,Lubricant Drums,77,22,0,88,42.64,7,3283.28,True,False,3,11,Monday,16.9,15.9
2024-03-12,Lubricant Drums,59,18,0,88,61.4,5,3622.6,True,False,3,11,Tuesday,16.7,16.0
2024-03-13,Lubricant Drums,39,20,0,88,35.2,9,1372.8000000000002,True,True,3,11,Wednesday,17.4,16.0
2024-03-14,Lubricant Drums,21,18,0,88,40.37,13,847.77,True,True,3,11,Thursday,16.7,15.6
2024-03-15,Lubricant Drums,8,13,0,88,35.53,9,284.24,True,True,3,11,Friday,16.3,15.4
2024-03-16,Lubricant Drums,0,9,0,88,58.35,4,0.0,True,True,3,11,Saturday,15.6,15.3
2024-03-17,Lubricant Drums,0,5,0,88,79.96,10,0.0,True,True,3,11,Sunday,15.0,14.6
2024-03-18,Lubricant Drums,0,16,0,88,29.86,9,0.0,True,True,3,12,Monday,14.1,15.0
2024-03-19,Lubricant Drums,0,23,0,88,72.92,9,0.0,True,True,3,12,Tuesday,14.9,15.7
2024-03-20,Lubricant Drums,0,21,0,88,56.72,6,0.0,True,True,3,12,Wednesday,15.0,15.6
2024-03-21,Lubricant Drums,0,26,0,88,31.55,7,0.0,True,True,3,12,Thursday,16.1,16.1
2024-03-22,Lubricant Drums,0,13,0,88,29.05,6,0.0,True,True,3,12,Friday,16.1,15.6
2024-03-23,Lubricant Drums,0,13,0,88,33.88,3,0.0,True,True,3,12,Saturday,16.7,15.7
2024-03-24,Lubricant Drums,0,4,0,88,76.88,11,0.0,True,True,3,12,Sunday,16.6,15.0
2024-03-25,Lubricant Drums,0,17,0,88,77.96,5,0.0,True,True,3,13,Monday,16.7,15.6
2024-03-26,Lubricant Drums,0,20,0,88,79.61,9,0.0,True,True,3,13,Tuesday,16.3,15.7
2024-03-27,Lubricant Drums,0,22,0,88,18.72,12,0.0,True,True,3,13,Wednesday,16.4,16.1
2024-03-28,Lubricant Drums,0,17,0,88,35.58,9,0.0,True,True,3,13,Thursday,15.1,15.9
2024-03-29,Lubricant Drums,0,25,0,88,79.49,7,0.0,True,True,3,13,Friday,16.9,16.2
2024-03-30,Lubricant Drums,0,7,0,88,62.37,13,0.0,True,True,3,13,Saturday,16.0,15.5
2024-03-31,Lubricant Drums,389,0,389,88,36.29,8,14116.81,False,False,3,13,Sunday,15.4,14.9
2024-04-01,Lubricant Drums,372,17,0,88,23.69,7,8812.68,False,False,4,14,Monday,15.4,15.4
2024-04-02,Lubricant Drums,349,23,0,88,51.25,4,17886.25,False,False,4,14,Tuesday,15.9,16.2
2024-04-03,Lubricant Drums,335,14,0,88,36.1,9,12093.5,False,False,4,14,Wednesday,14.7,16.0
2024-04-04,Lubricant Drums,323,12,0,88,48.61,12,15701.03,False,False,4,14,Thursday,14.0,15.7
2024-04-05,Lubricant Drums,308,15,0,88,54.78,12,16872.24,False,False,4,14,Friday,12.6,15.7
2024-04-06,Lubricant Drums,301,7,0,88,18.0,4,5418.0,False,False,4,14,Saturday,12.6,15.2
2024-04-07,Lubricant Drums,296,5,0,88,64.11,13,18976.56,False,False,4,14,Sunday,13.3,14.8
2024-04-08,Lubricant Drums,281,15,0,88,45.75,13,12855.75,False,False,4,15,Monday,13.0,14.9
2024-04-09,Lubricant Drums,262,19,0,88,71.06,12,18617.72,False,False,4,15,Tuesday,12.4,15.2
2024-04-10,Lubricant Drums,247,15,0,88,27.19,3,6715.93,False,False,4,15,Wednesday,12.6,15.0
2024-04-11,Lubricant Drums,229,18,0,88,65.3,13,14953.699999999999,False,False,4,15,Thursday,13.4,15.0
2024-04-12,Lubricant Drums,215,14,0,88,69.32,9,14903.8,False,False,4,15,Friday,13.3,14.8
2024-04-13,Lubricant Drums,200,15,0,88,67.35,5,13469.999999999998,False,False,4,15,Saturday,14.4,14.7
2024-04-14,Lubricant Drums,191,9,0,88,20.35,5,3886.8500000000004,False,False,4,15,Sunday,15.0,14.5
2024-04-15,Lubricant Drums,173,18,0,88,17.85,13,3088.05,False,False,4,16,Monday,15.4,14.8
2024-04-16,Lubricant Drums,162,11,0,88,56.39,11,9135.18,False,False,4,16,Tuesday,14.3,15.0
2024-04-17,Lubricant Drums,139,23,0,88,36.99,5,5141.610000000001,False,False,4,16,Wednesday,15.4,15.3
2024-04-18,Lubricant Drums,113,26,0,88,67.21,4,7594.73,False,False,4,16,Thursday,16.6,15.4
2024-04-19,Lubricant Drums,100,13,0,88,41.96,7,4196.0,False,False,4,16,Friday,16.4,15.1
2024-04-20,Lubricant Drums,98,2,0,88,72.69,10,7123.62,False,False,4,16,Saturday,14.6,14.3
2024-04-21,Lubricant Drums,98,0,0,88,54.65,4,5355.7,False,False,4,16,Sunday,13.3,13.9
2024-04-22,Lubricant Drums,81,17,0,88,41.49,8,3360.69,True,False,4,17,Monday,13.1,14.0
2024-04-23,Lubricant Drums,65,16,0,88,25.23,7,1639.95,True,False,4,17,Tuesday,13.9,14.4
2024-04-24,Lubricant Drums,49,16,0,88,31.89,11,1562.6100000000001,True,False,4,17,Wednesday,12.9,14.4
2024-04-25,Lubricant Drums,38,11,0,88,17.01,12,646.3800000000001,True,True,4,17,Thursday,10.7,14.1
2024-04-26,Lubricant Drums,16,22,0,88,61.23,7,979.68,True,True,4,17,Friday,12.0,14.1
2024-04-27,Lubricant Drums,16,0,0,88,76.79,10,1228.64,True,True,4,17,Saturday,11.7,13.5
2024-04-28,Lubricant Drums,10,6,0,88,15.12,6,151.2,True,True,4,17,Sunday,12.6,12.9
2024-04-29,Lubricant Drums,1,9,0,88,39.93,9,39.93,True,True,4,18,Monday,11.4,12.9
2024-04-30,Lubricant Drums,206,16,221,88,44.26,6,9117.56,False,False,4,18,Tuesday,11.4,13.5
2024-05-01,Lubricant Drums,192,14,0,88,71.47,12,13722.24,False,False,5,18,Wednesday,11.1,13.4
2024-05-02,Lubricant Drums,173,19,0,88,49.39,13,8544.47,False,False,5,18,Thursday,12.3,13.2
2024-05-03,Lubricant Drums,148,25,0,88,42.12,10,6233.759999999999,False,False,5,18,Friday,12.7,13.6
2024-05-04,Lubricant Drums,145,3,0,88,74.71,8,10832.949999999999,False,False,5,18,Saturday,13.1,13.3
2024-05-05,Lubricant Drums,136,9,0,88,77.93,3,10598.480000000001,False,False,5,18,Sunday,13.6,13.1
2024-05-06,Lubricant Drums,122,14,0,88,73.21,13,8931.619999999999,False,False,5,19,Monday,14.3,13.3
2024-05-07,Lubricant Drums,101,21,0,88,38.55,10,3893.5499999999997,False,False,5,19,Tuesday,15.0,13.9
2024-05-08,Lubricant Drums,82,19,0,88,16.26,9,1333.3200000000002,True,False,5,19,Wednesday,15.7,14.0
2024-05-09,Lubricant Drums,62,20,0,88,23.15,7,1435.3,True,False,5,19,Thursday,15.9,14.0
2024-05-10,Lubricant Drums,42,20,0,88,73.49,4,3086.58,True,True,5,19,Friday,15.1,14.2
2024-05-11,Lubricant Drums,36,6,0,88,37.64,7,1355.04,True,True,5,19,Saturday,15.6,13.8
2024-05-12,Lubricant Drums,24,12,0,88,34.54,4,828.96,True,True,5,19,Sunday,16.0,13.7
2024-05-13,Lubricant Drums,16,8,0,88,55.27,4,884.32,True,True,5,20,Monday,15.1,13.5
2024-05-14,Lubricant Drums,0,26,0,88,23.65,3,0.0,True,True,5,20,Tuesday,15.9,14.1
2024-05-15,Lubricant Drums,0,27,0,88,31.44,12,0.0,True,True,5,20,Wednesday,17.0,14.4
2024-05-16,Lubricant Drums,0,19,0,88,26.07,10,0.0,True,True,5,20,Thursday,16.9,14.6
2024-05-17,Lubricant Drums,0,18,0,88,14.57,8,0.0,True,True,5,20,Friday,16.6,14.5
2024-05-18,Lubricant Drums,0,8,0,88,32.29,3,0.0,True,True,5,20,Saturday,16.9,13.9
2024-05-19,Lubricant Drums,0,3,0,88,46.24,4,0.0,True,True,5,20,Sunday,15.6,13.5
2024-05-20,Lubricant Drums,0,18,0,88,41.33,13,0.0,True,True,5,21,Monday,17.0,14.1
2024-05-21,Lubricant Drums,0,17,0,88,53.83,4,0.0,True,True,5,21,Tuesday,15.7,14.6
2024-05-22,Lubricant Drums,0,16,0,88,69.7,7,0.0,True,True,5,21,Wednesday,14.1,14.6
2024-05-23,Lubricant Drums,0,17,0,88,21.55,3,0.0,True,True,5,21,Thursday,13.9,14.6
2024-05-24,Lubricant Drums,0,16,0,88,56.83,9,0.0,True,True,5,21,Friday,13.6,14.6
2024-05-25,Lubricant Drums,0,6,0,88,21.28,13,0.0,True,True,5,21,Saturday,13.3,14.5
2024-05-26,Lubricant Drums,0,7,0,88,36.82,13,0.0,True,True,5,21,Sunday,13.9,14.0
2024-05-27,Lubricant Drums,0,30,0,88,46.86,3,0.0,True,True,5,22,Monday,15.6,15.0
2024-05-28,Lubricant Drums,0,23,0,88,37.18,5,0.0,True,True,5,22,Tuesday,16.4,15.5
2024-05-29,Lubricant Drums,0,17,0,88,35.91,7,0.0,True,True,5,22,Wednesday,16.6,15.8
2024-05-30,Lubricant Drums,364,19,383,88,17.29,10,6293.5599999999995,False,False,5,22,Thursday,16.9,15.9
2024-05-31,Lubricant Drums,340,24,0,88,80.41,10,27339.399999999998,False,False,5,22,Friday,18.0,16.2
2024-06-01,Lubricant Drums,330,10,0,88,69.51,9,22938.300000000003,False,False,6,22,Saturday,18.6,15.9
2024-06-02,Lubricant Drums,324,6,0,88,60.37,9,19559.879999999997,False,False,6,22,Sunday,18.4,15.3
2024-06-03,Lubricant Drums,302,22,0,88,57.45,13,17349.9,False,False,6,23,Monday,17.3,15.9
2024-06-04,Lubricant Drums,287,15,0,88,65.58,5,18821.46,False,False,6,23,Tuesday,16.1,16.1
2024-06-05,Lubricant Drums,276,11,0,88,71.25,5,19665.0,False,False,6,23,Wednesday,15.3,16.0
2024-06-06,Lubricant Drums,257,19,0,88,33.2,6,8532.400000000001,False,False,6,23,Thursday,15.3,16.0
2024-06-07,Lubricant Drums,238,19,0,88,70.5,13,16779.0,False,False,6,23,Friday,14.6,16.0
2024-06-08,Lubricant Drums,238,0,0,88,35.23,5,8384.74,False,False,6,23,Saturday,13.1,15.3
2024-06-09,Lubricant Drums,238,0,0,88,36.83,12,8765.539999999999,False,False,6,23,Sunday,12.3,14.6
2024-06-10,Lubricant Drums,227,11,0,88,40.8,9,9261.599999999999,False,False,6,24,Monday,10.7,14.8
2024-06-11,Lubricant Drums,208,19,0,88,81.84,8,17022.72,False,False,6,24,Tuesday,11.3,15.0
2024-06-12,Lubricant Drums,188,20,0,88,53.73,9,10101.24,False,False,6,24,Wednesday,12.6,15.4
2024-06-13,Lubricant Drums,166,22,0,88,55.61,13,9231.26,False,False,6,24,Thursday,13.0,15.3
2024-06-14,Lubricant Drums,152,14,0,88,22.59,6,3433.68,False,False,6,24,Friday,12.3,14.9
2024-06-15,Lubricant Drums,142,10,0,88,55.61,8,7896.62,False,False,6,24,Saturday,13.7,14.6
2024-06-16,Lubricant Drums,136,6,0,88,72.18,11,9816.480000000001,False,False,6,24,Sunday,14.6,14.2
2024-06-17,Lubricant Drums,113,23,0,88,84.15,9,9508.95,False,False,6,25,Monday,16.3,14.7
2024-06-18,Lubricant Drums,90,23,0,88,59.32,10,5338.8,False,False,6,25,Tuesday,16.9,15.3
2024-06-19,Lubricant Drums,67,23,0,88,65.13,3,4363.71,True,False,6,25,Wednesday,17.3,15.5
2024-06-20,Lubricant Drums,42,25,0,88,66.59,9,2796.78,True,True,6,25,Thursday,17.7,15.8
2024-06-21,Lubricant Drums,27,15,0,88,54.45,12,1470.15,True,True,6,25,Friday,17.9,15.7
2024-06-22,Lubricant Drums,20,7,0,88,76.85,12,1537.0,True,True,6,25,Saturday,17.4,15.4
2024-06-23,Lubricant Drums,9,11,0,88,51.57,13,464.13,True,True,6,25,Sunday,18.1,15.2
2024-06-24,Lubricant Drums,0,20,0,88,13.83,11,0.0,True,True,6,26,Monday,17.7,15.7
2024-06-25,Lubricant Drums,0,18,0,88,54.24,12,0.0,True,True,6,26,Tuesday,17.0,16.1
2024-06-26,Lubricant Drums,0,19,0,88,13.06,12,0.0,True,True,6,26,Wednesday,16.4,15.7
2024-06-27,Lubricant Drums,0,24,0,88,81.38,7,0.0,True,True,6,26,Thursday,16.3,15.7
2024-06-28,Lubricant Drums,0,22,0,88,51.56,5,0.0,True,True,6,26,Friday,17.3,15.9
2024-01-01,Safety Valves,476,23,0,97,82.57,13,39303.32,False,False,1,1,Monday,23.0,23.0
2024-01-02,Safety Valves,458,18,0,97,57.57,3,26367.06,False,False,1,1,Tuesday,20.5,20.5
2024-01-03,Safety Valves,435,23,0,97,22.71,10,9878.85,False,False,1,1,Wednesday,21.3,21.3
2024-01-04,Safety Valves,412,23,0,97,64.31,8,26495.72,False,False,1,1,Thursday,21.8,21.8
2024-01-05,Safety Valves,386,26,0,97,50.86,5,19631.96,False,False,1,1,Friday,22.6,22.6
2024-01-06,Safety Valves,379,7,0,97,42.6,11,16145.4,False,False,1,1,Saturday,20.0,20.0
2024-01-07,Safety Valves,379,0,0,97,71.76,12,27197.04,False,False,1,1,Sunday,17.1,17.1
2024-01-08,Safety Valves,354,25,0,97,48.54,13,17183.16,False,False,1,2,Monday,17.4,18.1
2024-01-09,Safety Valves,336,18,0,97,72.34,5,24306.24,False,False,1,2,Tuesday,17.4,18.1
2024-01-10,Safety Valves,311,25,0,97,17.33,8,5389.629999999999,False,False,1,2,Wednesday,17.7,18.8
2024-01-11,Safety Valves,285,26,0,97,36.31,12,10348.35,False,False,1,2,Thursday,18.1,19.5
2024-01-12,Safety Valves,262,23,0,97,27.55,6,7218.1,False,False,1,2,Friday,17.7,19.8
2024-01-13,Safety Valves,257,5,0,97,37.6,6,9663.2,False,False,1,2,Saturday,17.4,18.6
2024-01-14,Safety Valves,250,7,0,97,79.8,3,19950.0,False,False,1,2,Sunday,18.4,17.8
2024-01-15,Safety Valves,226,24,0,97,14.23,7,3215.98,False,False,1,3,Monday,18.3,18.2
2024-01-16,Safety Valves,202,24,0,97,82.69,6,16703.38,False,False,1,3,Tuesday,19.1,18.6
2024-01-17,Safety Valves,182,20,0,97,45.64,13,8306.48,False,False,1,3,Wednesday,18.4,18.6
2024-01-18,Safety Valves,157,25,0,97,21.91,12,3439.87,False,False,1,3,Thursday,18.3,19.0
2024-01-19,Safety Valves,133,24,0,97,79.27,10,10542.91,False,False,1,3,Friday,18.4,19.3
2024-01-20,Safety Valves,133,0,0,97,68.04,9,9049.320000000002,False,False,1,3,Saturday,17.7,18.3
2024-01-21,Safety Valves,116,17,0,97,25.76,11,2988.1600000000003,False,False,1,3,Sunday,19.1,18.2
2024-01-22,Safety Valves,96,20,0,97,36.27,4,3481.92,True,False,1,4,Monday,18.6,18.3
2024-01-23,Safety Valves,71,25,0,97,38.92,3,2763.32,True,False,1,4,Tuesday,18.7,18.6
2024-01-24,Safety Valves,49,22,0,97,23.35,13,1144.15,True,False,1,4,Wednesday,19.0,18.8
2024-01-25,Safety Valves,37,12,0,97,18.86,9,697.8199999999999,True,True,1,4,Thursday,17.1,18.5
2024-01-26,Safety Valves,17,20,0,97,53.7,3,912.9000000000001,True,True,1,4,Friday,16.6,18.5
2024-01-27,Safety Valves,8,9,0,97,34.09,6,272.72,True,True,1,4,Saturday,17.9,18.2
2024-01-28,Safety Valves,1,7,0,97,38.31,8,38.31,True,True,1,4,Sunday,16.4,17.8
2024-01-29,Safety Valves,0,17,0,97,35.69,12,0.0,True,True,1,5,Monday,16.0,17.8
2024-01-30,Safety Valves,0,24,0,97,29.4,4,0.0,True,True,1,5,Tuesday,15.9,18.0
2024-01-31,Safety Valves,354,26,380,97,33.49,8,11855.460000000001,False,False,1,5,Wednesday,16.4,18.1
2024-02-01,Safety Valves,326,28,0,97,82.92,3,27031.920000000002,False,False,2,5,Thursday,18.7,18.4
2024-02-02,Safety Valves,301,25,0,97,75.41,6,22698.41,False,False,2,5,Friday,19.4,18.5
2024-02-03,Safety Valves,298,3,0,97,81.34,13,24239.32,False,False,2,5,Saturday,18.6,17.8
2024-02-04,Safety Valves,285,13,0,97,72.19,3,20574.149999999998,False,False,2,5,Sunday,19.4,17.4
2024-02-05,Safety Valves,265,20,0,97,84.14,13,22297.1,False,False,2,6,Monday,19.9,17.8
2024-02-06,Safety Valves,249,16,0,97,70.66,8,17594.34,False,False,2,6,Tuesday,18.7,18.3
2024-02-07,Safety Valves,222,27,0,97,19.7,7,4373.4,False,False,2,6,Wednesday,18.9,18.4
2024-02-08,Safety Valves,209,13,0,97,62.16,3,12991.439999999999,False,False,2,6,Thursday,16.7,18.2
2024-02-09,Safety Valves,184,25,0,97,18.3,5,3367.2000000000003,False,False,2,6,Friday,16.7,18.2
2024-02-10,Safety Valves,173,11,0,97,57.37,11,9925.01,False,False,2,6,Saturday,17.9,17.7
2024-02-11,Safety Valves,168,5,0,97,30.52,6,5127.36,False,False,2,6,Sunday,16.7,17.1
2024-02-12,Safety Valves,151,17,0,97,83.52,6,12611.519999999999,False,False,2,7,Monday,16.3,17.5
2024-02-13,Safety Valves,130,21,0,97,49.1,13,6383.0,False,False,2,7,Tuesday,17.0,18.0
2024-02-14,Safety Valves,107,23,0,97,18.41,11,1969.8700000000001,False,False,2,7,Wednesday,16.4,18.0
2024-02-15,Safety Valves,94,13,0,97,36.75,11,3454.5,True,False,2,7,Thursday,16.4,17.6
2024-02-16,Safety Valves,68,26,0,97,50.4,12,3427.2,True,False,2,7,Friday,16.6,17.8
2024-02-17,Safety Valves,64,4,0,97,83.73,6,5358.72,True,False,2,7,Saturday,15.6,17.1
2024-02-18,Safety Valves,64,0,0,97,33.48,10,2142.72,True,False,2,7,Sunday,14.9,16.3
2024-02-19,Safety Valves,48,16,0,97,67.72,6,3250.56,True,True,2,8,Monday,14.7,16.8
2024-02-20,Safety Valves,34,14,0,97,58.3,12,1982.1999999999998,True,True,2,8,Tuesday,13.7,16.7
2024-02-21,Safety Valves,9,25,0,97,56.79,4,511.11,True,True,2,8,Wednesday,14.0,16.9
2024-02-22,Safety Valves,0,25,0,97,37.55,10,0.0,True,True,2,8,Thursday,15.7,16.9
2024-02-23,Safety Valves,0,22,0,97,35.11,4,0.0,True,True,2,8,Friday,15.1,16.9
2024-02-24,Safety Valves,0,11,0,97,24.69,13,0.0,True,True,2,8,Saturday,16.1,16.9
2024-02-25,Safety Valves,0,12,0,97,57.79,6,0.0,True,True,2,8,Sunday,17.9,16.6
2024-02-26,Safety Valves,0,26,0,97,26.07,9,0.0,True,True,2,9,Monday,19.3,17.2
2024-02-27,Safety Valves,0,22,0,97,28.41,13,0.0,True,True,2,9,Tuesday,20.4,17.7
2024-02-28,Safety Valves,0,24,0,97,59.79,3,0.0,True,True,2,9,Wednesday,20.3,17.9
2024-02-29,Safety Valves,0,28,0,97,19.82,4,0.0,True,True,2,9,Thursday,20.7,18.0
2024-03-01,Safety Valves,368,27,395,97,30.53,11,11235.04,False,False,3,9,Friday,21.4,18.1
2024-03-02,Safety Valves,355,13,0,97,31.44,5,11161.2,False,False,3,9,Saturday,21.7,17.6
2024-03-03,Safety Valves,354,1,0,97,73.9,7,26160.600000000002,False,False,3,9,Sunday,20.1,16.8
2024-03-04,Safety Valves,326,28,0,97,82.39,6,26859.14,False,False,3,10,Monday,20.4,17.6
2024-03-05,Safety Valves,307,19,0,97,50.07,13,15371.49,False,False,3,10,Tuesday,20.0,17.8
2024-03-06,Safety Valves,285,22,0,97,66.29,12,18892.65,False,False,3,10,Wednesday,19.7,17.9
2024-03-07,Safety Valves,261,24,0,97,65.44,12,17079.84,False,False,3,10,Thursday,19.1,18.1
2024-03-08,Safety Valves,233,28,0,97,82.3,10,19175.899999999998,False,False,3,10,Friday,19.3,18.2
2024-03-09,Safety Valves,230,3,0,97,72.22,6,16610.6,False,False,3,10,Saturday,17.9,17.8
2024-03-10,Safety Valves,222,8,0,97,58.92,3,13080.24,False,False,3,10,Sunday,18.9,17.3
2024-03-11,Safety Valves,203,19,0,97,65.95,7,13387.85,False,False,3,11,Monday,17.6,17.5
2024-03-12,Safety Valves,178,25,0,97,77.39,10,13775.42,False,False,3,11,Tuesday,18.4,18.2
2024-03-13,Safety Valves,159,19,0,97,30.46,11,4843.14,False,False,3,11,Wednesday,18.0,18.3
2024-03-14,Safety Valves,140,19,0,97,68.05,5,9527.0,False,False,3,11,Thursday,17.3,18.2
2024-03-15,Safety Valves,125,15,0,97,19.86,4,2482.5,False,False,3,11,Friday,15.4,17.9
2024-03-16,Safety Valves,114,11,0,97,65.01,3,7411.14,False,False,3,11,Saturday,16.6,17.9
2024-03-17,Safety Valves,106,8,0,97,53.81,9,5703.860000000001,False,False,3,11,Sunday,16.6,17.3
2024-03-18,Safety Valves,85,21,0,97,12.32,13,1047.2,True,False,3,12,Monday,16.9,17.8
2024-03-19,Safety Valves,70,15,0,97,59.48,7,4163.599999999999,True,False,3,12,Tuesday,15.4,18.3
2024-03-20,Safety Valves,41,29,0,97,75.9,3,3111.9,True,True,3,12,Wednesday,16.9,18.8
2024-03-21,Safety Valves,20,21,0,97,12.33,9,246.6,True,True,3,12,Thursday,17.1,19.0
2024-03-22,Safety Valves,0,25,0,97,35.42,3,0.0,True,True,3,12,Friday,18.6,19.0
2024-03-23,Safety Valves,0,2,0,97,67.67,5,0.0,True,True,3,12,Saturday,17.3,18.2
2024-03-24,Safety Valves,0,9,0,97,33.26,11,0.0,True,True,3,12,Sunday,17.4,17.8
2024-03-25,Safety Valves,0,20,0,97,13.88,10,0.0,True,True,3,13,Monday,17.3,18.1
2024-03-26,Safety Valves,0,21,0,97,48.74,11,0.0,True,True,3,13,Tuesday,18.1,18.4
2024-03-27,Safety Valves,0,24,0,97,17.75,13,0.0,True,True,3,13,Wednesday,17.4,18.3
2024-03-28,Safety Valves,0,25,0,97,67.42,3,0.0,True,True,3,13,Thursday,18.0,18.4
2024-03-29,Safety Valves,0,16,0,97,62.52,12,0.0,True,True,3,13,Friday,16.7,18.2
2024-03-30,Safety Valves,0,8,0,97,22.02,13,0.0,True,True,3,13,Saturday,17.6,17.5
2024-03-31,Safety Valves,224,3,227,97,51.14,4,11455.36,False,False,3,13,Sunday,16.7,16.7
2024-04-01,Safety Valves,205,19,0,97,74.25,3,15221.25,False,False,4,14,Monday,16.6,16.9
2024-04-02,Safety Valves,187,18,0,97,30.84,5,5767.08,False,False,4,14,Tuesday,16.1,17.5
2024-04-03,Safety Valves,159,28,0,97,74.13,11,11786.67,False,False,4,14,Wednesday,16.7,17.5
2024-04-04,Safety Valves,135,24,0,97,23.86,13,3221.1,False,False,4,14,Thursday,16.6,17.6
2024-04-05,Safety Valves,113,22,0,97,55.21,12,6238.7300000000005,False,False,4,14,Friday,17.4,17.6
2024-04-06,Safety Valves,108,5,0,97,22.82,7,2464.56,False,False,4,14,Saturday,17.0,17.0
2024-04-07,Safety Valves,105,3,0,97,16.16,5,1696.8,False,False,4,14,Sunday,17.0,16.2
2024-04-08,Safety Valves,84,21,0,97,82.15,6,6900.6,True,False,4,15,Monday,17.3,16.8
2024-04-09,Safety Valves,61,23,0,97,14.25,11,869.25,True,False,4,15,Tuesday,18.0,17.3
2024-04-10,Safety Valves,45,16,0,97,73.72,6,3317.4,True,True,4,15,Wednesday,16.3,17.2
2024-04-11,Safety Valves,19,26,0,97,19.19,13,364.61,True,True,4,15,Thursday,16.6,17.2
2024-04-12,Safety Valves,0,24,0,97,41.91,13,0.0,True,True,4,15,Friday,16.9,17.4
2024-04-13,Safety Valves,0,6,0,97,23.84,3,0.0,True,True,4,15,Saturday,17.0,16.9
2024-04-14,Safety Valves,0,15,0,97,27.4,6,0.0,True,True,4,15,Sunday,18.7,16.9
2024-04-15,Safety Valves,0,22,0,97,25.21,9,0.0,True,True,4,16,Monday,18.9,17.3
2024-04-16,Safety Valves,0,30,0,97,66.7,3,0.0,True,True,4,16,Tuesday,19.9,18.0
2024-04-17,Safety Valves,0,15,0,97,12.02,5,0.0,True,True,4,16,Wednesday,19.7,17.8
2024-04-18,Safety Valves,0,22,0,97,46.75,8,0.0,True,True,4,16,Thursday,19.1,18.1
2024-04-19,Safety Valves,0,25,0,97,60.59,10,0.0,True,True,4,16,Friday,19.3,17.9
2024-04-20,Safety Valves,0,3,0,97,35.9,12,0.0,True,True,4,16,Saturday,18.9,17.3
2024-04-21,Safety Valves,0,3,0,97,32.53,3,0.0,True,True,4,16,Sunday,17.1,16.6
2024-04-22,Safety Valves,0,26,0,97,14.1,8,0.0,True,True,4,17,Monday,17.7,17.4
2024-04-23,Safety Valves,0,18,0,97,62.68,3,0.0,True,True,4,17,Tuesday,16.0,17.7
2024-04-24,Safety Valves,0,29,0,97,82.63,10,0.0,True,True,4,17,Wednesday,18.0,18.0
2024-04-25,Safety Valves,0,28,0,97,35.64,12,0.0,True,True,4,17,Thursday,18.9,18.2
2024-04-26,Safety Valves,0,21,0,97,51.55,13,0.0,True,True,4,17,Friday,18.3,18.1
2024-04-27,Safety Valves,0,1,0,97,73.2,9,0.0,True,True,4,17,Saturday,18.0,17.3
2024-04-28,Safety Valves,0,16,0,97,61.56,6,0.0,True,True,4,17,Sunday,19.9,17.3
2024-04-29,Safety Valves,0,10,0,97,26.0,9,0.0,True,True,4,18,Monday,17.6,17.4
2024-04-30,Safety Valves,291,16,307,97,21.16,3,6157.56,False,False,4,18,Tuesday,17.3,17.8
2024-05-01,Safety Valves,267,24,0,97,31.48,13,8405.16,False,False,5,18,Wednesday,16.6,18.0
2024-05-02,Safety Valves,246,21,0,97,57.84,9,14228.640000000001,False,False,5,18,Thursday,15.6,18.1
2024-05-03,Safety Valves,219,27,0,97,26.79,13,5867.01,False,False,5,18,Friday,16.4,18.1
2024-05-04,Safety Valves,219,0,0,97,77.51,8,16974.690000000002,False,False,5,18,Saturday,16.3,17.3
2024-05-05,Safety Valves,213,6,0,97,41.78,12,8899.14,False,False,5,18,Sunday,14.9,16.7
2024-05-06,Safety Valves,190,23,0,97,54.07,3,10273.3,False,False,5,19,Monday,16.7,17.3
2024-05-07,Safety Valves,171,19,0,97,84.42,13,14435.82,False,False,5,19,Tuesday,17.1,17.9
2024-05-08,Safety Valves,146,25,0,97,59.92,7,8748.32,False,False,5,19,Wednesday,17.3,18.0
2024-05-09,Safety Valves,129,17,0,97,47.45,13,6121.05,False,False,5,19,Thursday,16.7,17.8
2024-05-10,Safety Valves,116,13,0,97,41.07,5,4764.12,False,False,5,19,Friday,14.7,17.7
2024-05-11,Safety Valves,101,15,0,97,23.47,10,2370.47,False,False,5,19,Saturday,16.9,17.3
2024-05-12,Safety Valves,90,11,0,97,84.49,6,7604.099999999999,True,False,5,19,Sunday,17.6,16.9
2024-05-13,Safety Valves,68,22,0,97,46.02,9,3129.36,True,False,5,20,Monday,17.4,17.4
2024-05-14,Safety Valves,50,18,0,97,25.41,8,1270.5,True,False,5,20,Tuesday,17.3,17.5
2024-05-15,Safety Valves,24,26,0,97,77.93,10,1870.3200000000002,True,True,5,20,Wednesday,17.4,17.7
2024-05-16,Safety Valves,0,30,0,97,33.97,3,0.0,True,True,5,20,Thursday,19.3,17.7
2024-05-17,Safety Valves,0,20,0,97,62.93,13,0.0,True,True,5,20,Friday,20.3,17.8
2024-05-18,Safety Valves,0,11,0,97,33.36,5,0.0,True,True,5,20,Saturday,19.7,17.5
2024-05-19,Safety Valves,0,4,0,97,51.0,10,0.0,True,True,5,20,Sunday,18.7,16.8
2024-05-20,Safety Valves,0,17,0,97,16.58,7,0.0,True,True,5,21,Monday,18.0,17.2
2024-05-21,Safety Valves,0,25,0,97,23.64,13,0.0,True,True,5,21,Tuesday,19.0,18.0
2024-05-22,Safety Valves,0,19,0,97,68.75,6,0.0,True,True,5,21,Wednesday,18.0,17.7
2024-05-23,Safety Valves,0,23,0,97,81.81,9,0.0,True,True,5,21,Thursday,17.0,17.9
2024-05-24,Safety Valves,0,23,0,97,19.75,13,0.0,True,True,5,21,Friday,17.4,17.7
2024-05-25,Safety Valves,0,2,0,97,84.4,12,0.0,True,True,5,21,Saturday,16.1,16.8
2024-05-26,Safety Valves,0,16,0,97,76.46,13,0.0,True,True,5,21,Sunday,17.9,16.7
2024-05-27,Safety Valves,0,24,0,97,57.88,10,0.0,True,True,5,22,Monday,18.9,17.4
2024-05-28,Safety Valves,0,27,0,97,26.45,4,0.0,True,True,5,22,Tuesday,19.1,17.8
2024-05-29,Safety Valves,0,30,0,97,76.96,8,0.0,True,True,5,22,Wednesday,20.7,18.5
2024-05-30,Safety Valves,234,27,261,97,62.08,4,14526.72,False,False,5,22,Thursday,21.3,18.8
2024-05-31,Safety Valves,226,8,0,97,74.78,9,16900.28,False,False,5,22,Friday,19.1,18.3
2024-06-01,Safety Valves,223,3,0,97,41.36,5,9223.28,False,False,6,22,Saturday,19.3,17.7
2024-06-02,Safety Valves,221,2,0,97,26.45,11,5845.45,False,False,6,22,Sunday,17.3,16.9
2024-06-03,Safety Valves,205,16,0,97,22.83,5,4680.15,False,False,6,23,Monday,16.1,17.4
2024-06-04,Safety Valves,181,24,0,97,25.56,12,4626.36,False,False,6,23,Tuesday,15.7,18.0
2024-06-05,Safety Valves,156,25,0,97,79.55,13,12409.8,False,False,6,23,Wednesday,15.0,18.1
2024-06-06,Safety Valves,129,27,0,97,46.39,3,5984.31,False,False,6,23,Thursday,15.0,18.3
2024-06-07,Safety Valves,108,21,0,97,29.89,8,3228.12,False,False,6,23,Friday,16.9,18.2
2024-06-08,Safety Valves,99,9,0,97,24.88,4,2463.12,False,False,6,23,Saturday,17.7,17.9
2024-06-09,Safety Valves,87,12,0,97,66.03,5,5744.61,True,False,6,23,Sunday,19.1,17.9
2024-06-10,Safety Valves,68,19,0,97,51.34,5,3491.1200000000003,True,False,6,24,Monday,19.6,18.0
2024-06-11,Safety Valves,51,17,0,97,82.89,12,4227.39,True,False,6,24,Tuesday,18.6,18.2
2024-06-12,Safety Valves,23,28,0,97,15.56,9,357.88,True,True,6,24,Wednesday,19.0,18.4
2024-06-13,Safety Valves,11,12,0,97,51.06,11,561.6600000000001,True,True,6,24,Thursday,16.9,18.2
2024-06-14,Safety Valves,0,25,0,97,60.65,9,0.0,True,True,6,24,Friday,17.4,18.2
2024-06-15,Safety Valves,0,3,0,97,23.19,12,0.0,True,True,6,24,Saturday,16.6,17.3
2024-06-16,Safety Valves,0,1,0,97,80.86,4,0.0,True,True,6,24,Sunday,15.0,16.7
2024-06-17,Safety Valves,0,29,0,97,55.97,13,0.0,True,True,6,25,Monday,16.4,17.3
2024-06-18,Safety Valves,0,25,0,97,83.53,10,0.0,True,True,6,25,Tuesday,17.6,18.0
2024-06-19,Safety Valves,0,19,0,97,52.61,9,0.0,True,True,6,25,Wednesday,16.3,18.0
2024-06-20,Safety Valves,0,12,0,97,68.63,12,0.0,True,True,6,25,Thursday,16.3,17.6
2024-06-21,Safety Valves,0,26,0,97,49.61,13,0.0,True,True,6,25,Friday,16.4,17.8
2024-06-22,Safety Valves,0,12,0,97,41.96,7,0.0,True,True,6,25,Saturday,17.7,17.5
2024-06-23,Safety Valves,0,11,0,97,39.62,6,0.0,True,True,6,25,Sunday,19.1,17.1
2024-06-24,Safety Valves,0,27,0,97,23.1,7,0.0,True,True,6,26,Monday,18.9,17.9
2024-06-25,Safety Valves,0,16,0,97,50.0,12,0.0,True,True,6,26,Tuesday,17.6,17.9
2024-06-26,Safety Valves,0,16,0,97,48.31,10,0.0,True,True,6,26,Wednesday,17.1,17.6
2024-06-27,Safety Valves,0,24,0,97,18.0,4,0.0,True,True,6,26,Thursday,18.9,17.5
2024-06-28,Safety Valves,0,23,0,97,65.09,9,0.0,True,True,6,26,Friday,18.4,17.3
2024-01-01,Steel Fasteners,333,32,0,88,42.82,8,14259.06,False,False,1,1,Monday,32.0,32.0
2024-01-02,Steel Fasteners,306,27,0,88,46.65,3,14274.9,False,False,1,1,Tuesday,29.5,29.5
2024-01-03,Steel Fasteners,280,26,0,88,75.79,9,21221.2,False,False,1,1,Wednesday,28.3,28.3
2024-01-04,Steel Fasteners,249,31,0,88,55.73,12,13876.769999999999,False,False,1,1,Thursday,29.0,29.0
2024-01-05,Steel Fasteners,222,27,0,88,14.8,5,3285.6000000000004,False,False,1,1,Friday,28.6,28.6
2024-01-06,Steel Fasteners,209,13,0,88,36.38,7,7603.420000000001,False,False,1,1,Saturday,26.0,26.0
2024-01-07,Steel Fasteners,187,22,0,88,12.48,10,2333.76,False,False,1,1,Sunday,25.4,25.4
2024-01-08,Steel Fasteners,161,26,0,88,31.09,9,5005.49,False,False,1,2,Monday,24.6,25.5
2024-01-09,Steel Fasteners,136,25,0,88,21.07,12,2865.52,False,False,1,2,Tuesday,24.3,25.4
2024-01-10,Steel Fasteners,111,25,0,88,28.7,9,3185.7,False,False,1,2,Wednesday,24.1,25.4
2024-01-11,Steel Fasteners,81,30,0,88,41.4,10,3353.4,True,False,1,2,Thursday,24.0,25.8
2024-01-12,Steel Fasteners,55,26,0,88,59.55,3,3275.25,True,False,1,2,Friday,23.9,25.8
2024-01-13,Steel Fasteners,40,15,0,88,76.92,8,3076.8,True,True,1,2,Saturday,24.1,25.0
2024-01-14,Steel Fasteners,27,13,0,88,55.57,5,1500.39,True,True,1,2,Sunday,22.9,24.1
2024-01-15,Steel Fasteners,0,30,0,88,33.02,3,0.0,True,True,1,3,Monday,23.4,24.5
2024-01-16,Steel Fasteners,0,35,0,88,27.5,13,0.0,True,True,1,3,Tuesday,24.9,25.2
2024-01-17,Steel Fasteners,0,24,0,88,15.8,13,0.0,True,True,1,3,Wednesday,24.7,25.1
2024-01-18,Steel Fasteners,0,32,0,88,77.29,12,0.0,True,True,1,3,Thursday,25.0,25.5
2024-01-19,Steel Fasteners,0,31,0,88,46.51,4,0.0,True,True,1,3,Friday,25.7,25.8
2024-01-20,Steel Fasteners,0,18,0,88,77.68,13,0.0,True,True,1,3,Saturday,26.1,25.4
2024-01-21,Steel Fasteners,0,7,0,88,17.22,13,0.0,True,True,1,3,Sunday,25.3,24.5
2024-01-22,Steel Fasteners,0,21,0,88,69.82,3,0.0,True,True,1,4,Monday,24.0,24.4
2024-01-23,Steel Fasteners,0,31,0,88,52.33,5,0.0,True,True,1,4,Tuesday,23.4,24.7
2024-01-24,Steel Fasteners,0,27,0,88,48.09,3,0.0,True,True,1,4,Wednesday,23.9,24.8
2024-01-25,Steel Fasteners,0,34,0,88,82.91,6,0.0,True,True,1,4,Thursday,24.1,25.1
2024-01-26,Steel Fasteners,0,33,0,88,39.06,9,0.0,True,True,1,4,Friday,24.4,25.4
2024-01-27,Steel Fasteners,0,7,0,88,42.48,9,0.0,True,True,1,4,Saturday,22.9,24.7
2024-01-28,Steel Fasteners,0,9,0,88,50.92,9,0.0,True,True,1,4,Sunday,23.1,24.2
2024-01-29,Steel Fasteners,0,32,0,88,43.32,9,0.0,True,True,1,5,Monday,24.7,24.4
2024-01-30,Steel Fasteners,0,38,0,88,29.38,9,0.0,True,True,1,5,Tuesday,25.7,24.9
2024-01-31,Steel Fasteners,209,22,231,88,76.37,7,15961.330000000002,False,False,1,5,Wednesday,25.0,24.6
2024-02-01,Steel Fasteners,178,31,0,88,17.33,13,3084.74,False,False,2,5,Thursday,24.6,24.7
2024-02-02,Steel Fasteners,149,29,0,88,64.48,6,9607.52,False,False,2,5,Friday,24.0,24.8
2024-02-03,Steel Fasteners,140,9,0,88,59.77,4,8367.800000000001,False,False,2,5,Saturday,24.3,24.1
2024-02-04,Steel Fasteners,132,8,0,88,77.84,4,10274.880000000001,False,False,2,5,Sunday,24.1,23.4
2024-02-05,Steel Fasteners,104,28,0,88,43.09,5,4481.360000000001,False,False,2,6,Monday,23.6,23.9
2024-02-06,Steel Fasteners,79,25,0,88,60.41,10,4772.389999999999,True,False,2,6,Tuesday,21.7,24.0
2024-02-07,Steel Fasteners,51,28,0,88,63.07,9,3216.57,True,False,2,6,Wednesday,22.6,24.1
2024-02-08,Steel Fasteners,17,34,0,88,39.75,13,675.75,True,True,2,6,Thursday,23.0,24.4
2024-02-09,Steel Fasteners,0,32,0,88,31.41,13,0.0,True,True,2,6,Friday,23.4,24.6
2024-02-10,Steel Fasteners,0,4,0,88,27.45,4,0.0,True,True,2,6,Saturday,22.7,23.8
2024-02-11,Steel Fasteners,0,7,0,88,70.26,7,0.0,True,True,2,6,Sunday,22.6,23.1
2024-02-12,Steel Fasteners,0,37,0,88,65.26,4,0.0,True,True,2,7,Monday,23.9,23.9
2024-02-13,Steel Fasteners,0,36,0,88,41.12,11,0.0,True,True,2,7,Tuesday,25.4,24.6
2024-02-14,Steel Fasteners,0,31,0,88,67.19,6,0.0,True,True,2,7,Wednesday,25.9,24.7
2024-02-15,Steel Fasteners,0,30,0,88,75.59,11,0.0,True,True,2,7,Thursday,25.3,24.5
2024-02-16,Steel Fasteners,0,26,0,88,60.55,9,0.0,True,True,2,7,Friday,24.4,24.6
2024-02-17,Steel Fasteners,0,12,0,88,69.72,5,0.0,True,True,2,7,Saturday,25.6,23.9
2024-02-18,Steel Fasteners,0,7,0,88,80.09,7,0.0,True,True,2,7,Sunday,25.6,23.1
2024-02-19,Steel Fasteners,0,24,0,88,23.29,4,0.0,True,True,2,8,Monday,23.7,23.3
2024-02-20,Steel Fasteners,0,29,0,88,77.12,11,0.0,True,True,2,8,Tuesday,22.7,24.0
2024-02-21,Steel Fasteners,0,26,0,88,28.01,6,0.0,True,True,2,8,Wednesday,22.0,24.2
2024-02-22,Steel Fasteners,0,27,0,88,37.77,13,0.0,True,True,2,8,Thursday,21.6,24.1
2024-02-23,Steel Fasteners,0,32,0,88,31.58,11,0.0,True,True,2,8,Friday,22.4,24.2
2024-02-24,Steel Fasteners,0,20,0,88,32.34,8,0.0,True,True,2,8,Saturday,23.6,23.8
2024-02-25,Steel Fasteners,0,3,0,88,78.2,9,0.0,True,True,2,8,Sunday,23.0,22.8
2024-02-26,Steel Fasteners,0,31,0,88,21.8,10,0.0,True,True,2,9,Monday,24.0,23.6
2024-02-27,Steel Fasteners,0,28,0,88,26.85,12,0.0,True,True,2,9,Tuesday,23.9,24.2
2024-02-28,Steel Fasteners,0,32,0,88,15.88,9,0.0,True,True,2,9,Wednesday,24.7,24.2
2024-02-29,Steel Fasteners,0,40,0,88,42.39,11,0.0,True,True,2,9,Thursday,26.6,24.3
2024-03-01,Steel Fasteners,170,38,208,88,17.36,12,2951.2,False,False,3,9,Friday,27.4,24.8
2024-03-02,Steel Fasteners,161,9,0,88,27.64,3,4450.04,False,False,3,9,Saturday,25.9,24.1
2024-03-03,Steel Fasteners,155,6,0,88,31.01,9,4806.55,False,False,3,9,Sunday,26.3,23.3
2024-03-04,Steel Fasteners,130,25,0,88,37.99,6,4938.7,False,False,3,10,Monday,25.4,23.8
2024-03-05,Steel Fasteners,100,30,0,88,67.14,7,6714.0,False,False,3,10,Tuesday,25.7,24.6
2024-03-06,Steel Fasteners,67,33,0,88,19.95,11,1336.6499999999999,True,False,3,10,Wednesday,25.9,24.7
2024-03-07,Steel Fasteners,35,32,0,88,48.66,7,1703.1,True,True,3,10,Thursday,24.7,25.0
2024-03-08,Steel Fasteners,8,27,0,88,66.0,4,528.0,True,True,3,10,Friday,23.1,24.9
2024-03-09,Steel Fasteners,0,10,0,88,61.53,4,0.0,True,True,3,10,Saturday,23.3,24.1
2024-03-10,Steel Fasteners,0,15,0,88,84.83,8,0.0,True,True,3,10,Sunday,24.6,23.6
2024-03-11,Steel Fasteners,0,20,0,88,35.39,13,0.0,True,True,3,11,Monday,23.9,24.1
2024-03-12,Steel Fasteners,0,28,0,88,12.85,6,0.0,True,True,3,11,Tuesday,23.6,24.8
2024-03-13,Steel Fasteners,0,23,0,88,75.77,9,0.0,True,True,3,11,Wednesday,22.1,24.3
2024-03-14,Steel Fasteners,0,21,0,88,37.15,7,0.0,True,True,3,11,Thursday,20.6,23.8
2024-03-15,Steel Fasteners,0,37,0,88,16.39,5,0.0,True,True,3,11,Friday,22.0,24.0
2024-03-16,Steel Fasteners,0,12,0,88,61.87,3,0.0,True,True,3,11,Saturday,22.3,23.4
2024-03-17,Steel Fasteners,0,3,0,88,73.85,10,0.0,True,True,3,11,Sunday,20.6,22.7
2024-03-18,Steel Fasteners,0,30,0,88,31.23,5,0.0,True,True,3,12,Monday,22.0,23.3
2024-03-19,Steel Fasteners,0,30,0,88,29.4,4,0.0,True,True,3,12,Tuesday,22.3,24.0
2024-03-20,Steel Fasteners,0,23,0,88,40.19,3,0.0,True,True,3,12,Wednesday,22.3,24.0
2024-03-21,Steel Fasteners,0,27,0,88,41.27,8,0.0,True,True,3,12,Thursday,23.1,23.9
2024-03-22,Steel Fasteners,0,26,0,88,12.5,13,0.0,True,True,3,12,Friday,21.6,23.9
2024-03-23,Steel Fasteners,0,5,0,88,35.2,12,0.0,True,True,3,12,Saturday,20.6,23.2
2024-03-24,Steel Fasteners,0,7,0,88,23.98,6,0.0,True,True,3,12,Sunday,21.1,22.4
2024-03-25,Steel Fasteners,0,22,0,88,56.65,10,0.0,True,True,3,13,Monday,20.0,22.4
2024-03-26,Steel Fasteners,0,24,0,88,55.67,3,0.0,True,True,3,13,Tuesday,19.1,23.1
2024-03-27,Steel Fasteners,0,23,0,88,32.12,13,0.0,True,True,3,13,Wednesday,19.1,22.9
2024-03-28,Steel Fasteners,0,32,0,88,71.09,6,0.0,True,True,3,13,Thursday,19.9,23.0
2024-03-29,Steel Fasteners,0,17,0,88,23.78,6,0.0,True,True,3,13,Friday,18.6,22.5
2024-03-30,Steel Fasteners,0,14,0,88,60.65,7,0.0,True,True,3,13,Saturday,19.9,21.6
2024-03-31,Steel Fasteners,220,14,234,88,23.8,13,5236.0,False,False,3,13,Sunday,20.9,20.8
2024-04-01,Steel Fasteners,197,23,0,88,21.28,3,4192.16,False,False,4,14,Monday,21.0,21.3
2024-04-02,Steel Fasteners,159,38,0,88,77.72,10,12357.48,False,False,4,14,Tuesday,23.0,22.4
2024-04-03,Steel Fasteners,133,26,0,88,72.44,9,9634.52,False,False,4,14,Wednesday,23.4,22.4
2024-04-04,Steel Fasteners,106,27,0,88,45.5,6,4823.0,False,False,4,14,Thursday,22.7,22.3
2024-04-05,Steel Fasteners,77,29,0,88,36.49,4,2809.73,True,False,4,14,Friday,24.4,22.2
2024-04-06,Steel Fasteners,69,8,0,88,84.18,3,5808.42,True,False,4,14,Saturday,23.6,21.4
2024-04-07,Steel Fasteners,63,6,0,88,33.29,11,2097.27,True,False,4,14,Sunday,22.4,20.7
2024-04-08,Steel Fasteners,34,29,0,88,17.17,13,583.7800000000001,True,True,4,15,Monday,23.3,21.3
2024-04-09,Steel Fasteners,0,41,0,88,52.08,12,0.0,True,True,4,15,Tuesday,23.7,22.2
2024-04-10,Steel Fasteners,0,33,0,88,70.83,12,0.0,True,True,4,15,Wednesday,24.7,22.6
2024-04-11,Steel Fasteners,0,29,0,88,16.79,10,0.0,True,True,4,15,Thursday,25.0,22.6
2024-04-12,Steel Fasteners,0,27,0,88,16.06,6,0.0,True,True,4,15,Friday,24.7,22.8
2024-04-13,Steel Fasteners,0,8,0,88,30.46,12,0.0,True,True,4,15,Saturday,24.7,22.3
2024-04-14,Steel Fasteners,0,7,0,88,73.2,7,0.0,True,True,4,15,Sunday,24.9,21.3
2024-04-15,Steel Fasteners,0,29,0,88,51.64,11,0.0,True,True,4,16,Monday,24.9,21.9
2024-04-16,Steel Fasteners,0,27,0,88,50.93,12,0.0,True,True,4,16,Tuesday,22.9,22.7
2024-04-17,Steel Fasteners,0,12,0,88,76.81,9,0.0,True,True,4,16,Wednesday,19.9,22.1
2024-04-18,Steel Fasteners,0,25,0,88,71.29,4,0.0,True,True,4,16,Thursday,19.3,21.9
2024-04-19,Steel Fasteners,0,37,0,88,52.01,10,0.0,True,True,4,16,Friday,20.7,22.4
2024-04-20,Steel Fasteners,0,7,0,88,51.22,9,0.0,True,True,4,16,Saturday,20.6,21.7
2024-04-21,Steel Fasteners,0,11,0,88,25.55,12,0.0,True,True,4,16,Sunday,21.1,21.2
2024-04-22,Steel Fasteners,0,28,0,88,12.65,13,0.0,True,True,4,17,Monday,21.0,22.0
2024-04-23,Steel Fasteners,0,32,0,88,59.86,8,0.0,True,True,4,17,Tuesday,21.7,22.8
2024-04-24,Steel Fasteners,0,28,0,88,15.54,6,0.0,True,True,4,17,Wednesday,24.0,23.0
2024-04-25,Steel Fasteners,0,32,0,88,77.05,7,0.0,True,True,4,17,Thursday,25.0,23.3
2024-04-26,Steel Fasteners,0,32,0,88,39.76,10,0.0,True,True,4,17,Friday,24.3,23.6
2024-04-27,Steel Fasteners,0,6,0,88,30.88,12,0.0,True,True,4,17,Saturday,24.1,22.7
2024-04-28,Steel Fasteners,0,6,0,88,38.27,5,0.0,True,True,4,17,Sunday,23.4,22.4
2024-04-29,Steel Fasteners,0,37,0,88,32.39,5,0.0,True,True,4,18,Monday,24.7,23.1
2024-04-30,Steel Fasteners,263,33,296,88,60.88,7,16011.44,False,False,4,18,Tuesday,24.9,23.8
2024-05-01,Steel Fasteners,235,28,0,88,28.4,12,6674.0,False,False,5,18,Wednesday,24.9,23.9
2024-05-02,Steel Fasteners,214,21,0,88,80.45,3,17216.3,False,False,5,18,Thursday,23.3,23.4
2024-05-03,Steel Fasteners,193,21,0,88,16.69,3,3221.17,False,False,5,18,Friday,21.7,23.2
2024-05-04,Steel Fasteners,186,7,0,88,64.58,7,12011.88,False,False,5,18,Saturday,21.9,22.5
2024-05-05,Steel Fasteners,173,13,0,88,23.56,6,4075.8799999999997,False,False,5,18,Sunday,22.9,22.0
2024-05-06,Steel Fasteners,142,31,0,88,73.3,12,10408.6,False,False,5,19,Monday,22.0,22.8
2024-05-07,Steel Fasteners,118,24,0,88,71.92,10,8486.56,False,False,5,19,Tuesday,20.7,23.4
2024-05-08,Steel Fasteners,85,33,0,88,57.8,8,4913.0,True,False,5,19,Wednesday,21.4,23.5
2024-05-09,Steel Fasteners,53,32,0,88,82.26,11,4359.780000000001,True,False,5,19,Thursday,23.0,23.2
2024-05-10,Steel Fasteners,29,24,0,88,53.3,5,1545.6999999999998,True,True,5,19,Friday,23.4,22.9
2024-05-11,Steel Fasteners,17,12,0,88,39.11,7,664.87,True,True,5,19,Saturday,24.1,22.3
2024-05-12,Steel Fasteners,1,16,0,88,17.0,7,17.0,True,True,5,19,Sunday,24.6,22.0
2024-05-13,Steel Fasteners,0,29,0,88,71.4,7,0.0,True,True,5,20,Monday,24.3,22.7
2024-05-14,Steel Fasteners,0,34,0,88,36.87,9,0.0,True,True,5,20,Tuesday,25.7,23.6
2024-05-15,Steel Fasteners,0,32,0,88,72.28,11,0.0,True,True,5,20,Wednesday,25.6,23.7
2024-05-16,Steel Fasteners,0,25,0,88,81.04,10,0.0,True,True,5,20,Thursday,24.6,23.6
2024-05-17,Steel Fasteners,0,30,0,88,59.61,13,0.0,True,True,5,20,Friday,25.4,24.2
2024-05-18,Steel Fasteners,0,15,0,88,27.62,4,0.0,True,True,5,20,Saturday,25.9,23.9
2024-05-19,Steel Fasteners,0,0,0,88,70.81,7,0.0,True,True,5,20,Sunday,23.6,22.6
2024-05-20,Steel Fasteners,0,22,0,88,55.19,3,0.0,True,True,5,21,Monday,22.6,23.1
2024-05-21,Steel Fasteners,0,38,0,88,79.59,7,0.0,True,True,5,21,Tuesday,23.1,24.0
2024-05-22,Steel Fasteners,0,40,0,88,56.83,6,0.0,True,True,5,21,Wednesday,24.3,24.4
2024-05-23,Steel Fasteners,0,37,0,88,16.04,8,0.0,True,True,5,21,Thursday,26.0,24.6
2024-05-24,Steel Fasteners,0,29,0,88,46.43,9,0.0,True,True,5,21,Friday,25.9,24.6
2024-05-25,Steel Fasteners,0,5,0,88,76.7,12,0.0,True,True,5,21,Saturday,24.4,23.7
2024-05-26,Steel Fasteners,0,7,0,88,31.83,6,0.0,True,True,5,21,Sunday,25.4,22.9
2024-05-27,Steel Fasteners,0,19,0,88,84.84,10,0.0,True,True,5,22,Monday,25.0,23.3
2024-05-28,Steel Fasteners,0,13,0,88,33.03,3,0.0,True,True,5,22,Tuesday,21.4,23.6
2024-05-29,Steel Fasteners,0,32,0,88,36.71,11,0.0,True,True,5,22,Wednesday,20.3,23.4
2024-05-30,Steel Fasteners,360,24,384,88,45.44,9,16358.4,False,False,5,22,Thursday,18.4,23.1
2024-05-31,Steel Fasteners,332,28,0,88,15.06,4,4999.92,False,False,5,22,Friday,18.3,23.1
2024-06-01,Steel Fasteners,321,11,0,88,68.98,8,22142.58,False,False,6,22,Saturday,19.1,22.8
2024-06-02,Steel Fasteners,312,9,0,88,51.26,11,15993.119999999999,False,False,6,22,Sunday,19.4,22.4
2024-06-03,Steel Fasteners,282,30,0,88,78.29,4,22077.780000000002,False,False,6,23,Monday,21.0,23.1
2024-06-04,Steel Fasteners,251,31,0,88,20.57,5,5163.07,False,False,6,23,Tuesday,23.6,23.7
2024-06-05,Steel Fasteners,223,28,0,88,19.36,6,4317.28,False,False,6,23,Wednesday,23.0,23.6
2024-06-06,Steel Fasteners,189,34,0,88,60.75,12,11481.75,False,False,6,23,Thursday,24.4,24.0
2024-06-07,Steel Fasteners,167,22,0,88,34.12,6,5698.04,False,False,6,23,Friday,23.6,23.6
2024-06-08,Steel Fasteners,165,2,0,88,72.37,12,11941.050000000001,False,False,6,23,Saturday,22.3,22.6
2024-06-09,Steel Fasteners,153,12,0,88,58.08,7,8886.24,False,False,6,23,Sunday,22.7,22.2
2024-06-10,Steel Fasteners,128,25,0,88,16.84,10,2155.52,False,False,6,24,Monday,22.0,22.6
2024-06-11,Steel Fasteners,99,29,0,88,31.87,13,3155.13,False,False,6,24,Tuesday,21.7,23.1
2024-06-12,Steel Fasteners,76,23,0,88,43.42,11,3299.92,True,False,6,24,Wednesday,21.0,22.9
2024-06-13,Steel Fasteners,50,26,0,88,37.26,8,1863.0,True,False,6,24,Thursday,19.9,22.6
2024-06-14,Steel Fasteners,12,38,0,88,35.72,12,428.64,True,True,6,24,Friday,22.1,22.8
2024-06-15,Steel Fasteners,0,13,0,88,41.6,9,0.0,True,True,6,24,Saturday,23.7,22.4
2024-06-16,Steel Fasteners,0,1,0,88,38.8,4,0.0,True,True,6,24,Sunday,22.1,21.4
2024-06-17,Steel Fasteners,0,30,0,88,54.41,13,0.0,True,True,6,25,Monday,22.9,21.9
2024-06-18,Steel Fasteners,0,31,0,88,40.19,10,0.0,True,True,6,25,Tuesday,23.1,23.0
2024-06-19,Steel Fasteners,0,24,0,88,32.99,4,0.0,True,True,6,25,Wednesday,23.3,23.0
2024-06-20,Steel Fasteners,0,31,0,88,73.02,11,0.0,True,True,6,25,Thursday,24.0,22.8
2024-06-21,Steel Fasteners,0,31,0,88,60.61,10,0.0,True,True,6,25,Friday,23.0,22.5
2024-06-22,Steel Fasteners,0,1,0,88,13.76,9,0.0,True,True,6,25,Saturday,21.3,21.3
2024-06-23,Steel Fasteners,0,15,0,88,61.18,12,0.0,True,True,6,25,Sunday,23.3,20.8
2024-06-24,Steel Fasteners,0,30,0,88,79.37,4,0.0,True,True,6,26,Monday,23.3,21.7
2024-06-25,Steel Fasteners,0,30,0,88,31.27,3,0.0,True,True,6,26,Tuesday,23.1,22.4
2024-06-26,Steel Fasteners,0,28,0,88,15.55,11,0.0,True,True,6,26,Wednesday,23.7,22.7
2024-06-27,Steel Fasteners,0,28,0,88,36.11,9,0.0,True,True,6,26,Thursday,23.3,23.2
2024-06-28,Steel Fasteners,0,22,0,88,66.69,10,0.0,True,True,6,26,Friday,22.0,22.9
